{
    "categories": [
        {
            "id": 1,
            "supercategory": "number",
            "name": "1"
        },
        {
            "id": 2,
            "supercategory": "number",
            "name": "2"
        }
    ],
    "images": [
        {
            "id": 1,
            "file_name": "1.png",
            "width": 300,
            "height": 300
        },
        {
            "id": 2,
            "file_name": "2.png",
            "width": 300,
            "height": 300
        },
        {
            "id": 3,
            "file_name": "3.png",
            "width": 300,
            "height": 300
        },
        {
            "id": 4,
            "file_name": "4.png",
            "width": 300,
            "height": 300
        },
        {
            "id": 5,
            "file_name": "5.png",
            "width": 300,
            "height": 300
        },
        {
            "id": 6,
            "file_name": "6.png",
            "width": 300,
            "height": 300
        },
        {
            "id": 7,
            "file_name": "7.png",
            "width": 300,
            "height": 300
        },
        {
            "id": 8,
            "file_name": "8.png",
            "width": 300,
            "height": 300
        },
        {
            "id": 9,
            "file_name": "9.png",
            "width": 300,
            "height": 300
        },
        {
            "id": 10,
            "file_name": "10.png",
            "width": 300,
            "height": 300
        },
        {
            "id": 11,
            "file_name": "11.png",
            "width": 300,
            "height": 300
        },
        {
            "id": 12,
            "file_name": "12.png",
            "width": 300,
            "height": 300
        },
        {
            "id": 13,
            "file_name": "13.png",
            "width": 300,
            "height": 300
        },
        {
            "id": 14,
            "file_name": "14.png",
            "width": 300,
            "height": 300
        },
        {
            "id": 15,
            "file_name": "15.png",
            "width": 300,
            "height": 300
        },
        {
            "id": 16,
            "file_name": "16.png",
            "width": 300,
            "height": 300
        },
        {
            "id": 17,
            "file_name": "17.png",
            "width": 300,
            "height": 300
        },
        {
            "id": 18,
            "file_name": "18.png",
            "width": 300,
            "height": 300
        },
        {
            "id": 19,
            "file_name": "19.png",
            "width": 300,
            "height": 300
        },
        {
            "id": 20,
            "file_name": "20.png",
            "width": 300,
            "height": 300
        },
        {
            "id": 21,
            "file_name": "21.png",
            "width": 300,
            "height": 300
        },
        {
            "id": 22,
            "file_name": "22.png",
            "width": 300,
            "height": 300
        },
        {
            "id": 23,
            "file_name": "23.png",
            "width": 300,
            "height": 300
        },
        {
            "id": 24,
            "file_name": "24.png",
            "width": 300,
            "height": 300
        },
        {
            "id": 25,
            "file_name": "25.png",
            "width": 300,
            "height": 300
        },
        {
            "id": 26,
            "file_name": "26.png",
            "width": 300,
            "height": 300
        },
        {
            "id": 27,
            "file_name": "27.png",
            "width": 300,
            "height": 300
        },
        {
            "id": 28,
            "file_name": "28.png",
            "width": 300,
            "height": 300
        },
        {
            "id": 29,
            "file_name": "29.png",
            "width": 300,
            "height": 300
        },
        {
            "id": 30,
            "file_name": "30.png",
            "width": 300,
            "height": 300
        },
        {
            "id": 31,
            "file_name": "31.png",
            "width": 300,
            "height": 300
        },
        {
            "id": 32,
            "file_name": "32.png",
            "width": 300,
            "height": 300
        },
        {
            "id": 33,
            "file_name": "33.png",
            "width": 300,
            "height": 300
        },
        {
            "id": 34,
            "file_name": "34.png",
            "width": 300,
            "height": 300
        },
        {
            "id": 35,
            "file_name": "35.png",
            "width": 300,
            "height": 300
        },
        {
            "id": 36,
            "file_name": "36.png",
            "width": 300,
            "height": 300
        },
        {
            "id": 37,
            "file_name": "37.png",
            "width": 300,
            "height": 300
        },
        {
            "id": 38,
            "file_name": "38.png",
            "width": 300,
            "height": 300
        },
        {
            "id": 39,
            "file_name": "39.png",
            "width": 300,
            "height": 300
        },
        {
            "id": 40,
            "file_name": "40.png",
            "width": 300,
            "height": 300
        },
        {
            "id": 41,
            "file_name": "41.png",
            "width": 300,
            "height": 300
        },
        {
            "id": 42,
            "file_name": "42.png",
            "width": 300,
            "height": 300
        },
        {
            "id": 43,
            "file_name": "43.png",
            "width": 300,
            "height": 300
        },
        {
            "id": 44,
            "file_name": "44.png",
            "width": 300,
            "height": 300
        },
        {
            "id": 45,
            "file_name": "45.png",
            "width": 300,
            "height": 300
        },
        {
            "id": 46,
            "file_name": "46.png",
            "width": 300,
            "height": 300
        },
        {
            "id": 47,
            "file_name": "47.png",
            "width": 300,
            "height": 300
        },
        {
            "id": 48,
            "file_name": "48.png",
            "width": 300,
            "height": 300
        },
        {
            "id": 49,
            "file_name": "49.png",
            "width": 300,
            "height": 300
        },
        {
            "id": 50,
            "file_name": "50.png",
            "width": 300,
            "height": 300
        },
        {
            "id": 51,
            "file_name": "51.png",
            "width": 300,
            "height": 300
        },
        {
            "id": 52,
            "file_name": "52.png",
            "width": 300,
            "height": 300
        },
        {
            "id": 53,
            "file_name": "53.png",
            "width": 300,
            "height": 300
        },
        {
            "id": 54,
            "file_name": "54.png",
            "width": 300,
            "height": 300
        },
        {
            "id": 55,
            "file_name": "55.png",
            "width": 300,
            "height": 300
        },
        {
            "id": 56,
            "file_name": "56.png",
            "width": 300,
            "height": 300
        },
        {
            "id": 57,
            "file_name": "57.png",
            "width": 300,
            "height": 300
        },
        {
            "id": 58,
            "file_name": "58.png",
            "width": 300,
            "height": 300
        },
        {
            "id": 59,
            "file_name": "59.png",
            "width": 300,
            "height": 300
        },
        {
            "id": 60,
            "file_name": "60.png",
            "width": 300,
            "height": 300
        },
        {
            "id": 61,
            "file_name": "61.png",
            "width": 300,
            "height": 300
        },
        {
            "id": 62,
            "file_name": "62.png",
            "width": 300,
            "height": 300
        },
        {
            "id": 63,
            "file_name": "63.png",
            "width": 300,
            "height": 300
        },
        {
            "id": 64,
            "file_name": "64.png",
            "width": 300,
            "height": 300
        },
        {
            "id": 65,
            "file_name": "65.png",
            "width": 300,
            "height": 300
        },
        {
            "id": 66,
            "file_name": "66.png",
            "width": 300,
            "height": 300
        },
        {
            "id": 67,
            "file_name": "67.png",
            "width": 300,
            "height": 300
        },
        {
            "id": 68,
            "file_name": "68.png",
            "width": 300,
            "height": 300
        },
        {
            "id": 69,
            "file_name": "69.png",
            "width": 300,
            "height": 300
        },
        {
            "id": 70,
            "file_name": "70.png",
            "width": 300,
            "height": 300
        },
        {
            "id": 71,
            "file_name": "71.png",
            "width": 300,
            "height": 300
        },
        {
            "id": 72,
            "file_name": "72.png",
            "width": 300,
            "height": 300
        },
        {
            "id": 73,
            "file_name": "73.png",
            "width": 300,
            "height": 300
        },
        {
            "id": 74,
            "file_name": "74.png",
            "width": 300,
            "height": 300
        },
        {
            "id": 75,
            "file_name": "75.png",
            "width": 300,
            "height": 300
        },
        {
            "id": 76,
            "file_name": "76.png",
            "width": 300,
            "height": 300
        },
        {
            "id": 77,
            "file_name": "77.png",
            "width": 300,
            "height": 300
        },
        {
            "id": 78,
            "file_name": "78.png",
            "width": 300,
            "height": 300
        },
        {
            "id": 79,
            "file_name": "79.png",
            "width": 300,
            "height": 300
        },
        {
            "id": 80,
            "file_name": "80.png",
            "width": 300,
            "height": 300
        },
        {
            "id": 81,
            "file_name": "81.png",
            "width": 300,
            "height": 300
        },
        {
            "id": 82,
            "file_name": "82.png",
            "width": 300,
            "height": 300
        },
        {
            "id": 83,
            "file_name": "83.png",
            "width": 300,
            "height": 300
        },
        {
            "id": 84,
            "file_name": "84.png",
            "width": 300,
            "height": 300
        },
        {
            "id": 85,
            "file_name": "85.png",
            "width": 300,
            "height": 300
        },
        {
            "id": 86,
            "file_name": "86.png",
            "width": 300,
            "height": 300
        },
        {
            "id": 87,
            "file_name": "87.png",
            "width": 300,
            "height": 300
        },
        {
            "id": 88,
            "file_name": "88.png",
            "width": 300,
            "height": 300
        },
        {
            "id": 89,
            "file_name": "89.png",
            "width": 300,
            "height": 300
        },
        {
            "id": 90,
            "file_name": "90.png",
            "width": 300,
            "height": 300
        },
        {
            "id": 91,
            "file_name": "91.png",
            "width": 300,
            "height": 300
        },
        {
            "id": 92,
            "file_name": "92.png",
            "width": 300,
            "height": 300
        },
        {
            "id": 93,
            "file_name": "93.png",
            "width": 300,
            "height": 300
        },
        {
            "id": 94,
            "file_name": "94.png",
            "width": 300,
            "height": 300
        },
        {
            "id": 95,
            "file_name": "95.png",
            "width": 300,
            "height": 300
        },
        {
            "id": 96,
            "file_name": "96.png",
            "width": 300,
            "height": 300
        },
        {
            "id": 97,
            "file_name": "97.png",
            "width": 300,
            "height": 300
        },
        {
            "id": 98,
            "file_name": "98.png",
            "width": 300,
            "height": 300
        },
        {
            "id": 99,
            "file_name": "99.png",
            "width": 300,
            "height": 300
        },
        {
            "id": 100,
            "file_name": "100.png",
            "width": 300,
            "height": 300
        }
    ],
    "annotations": [
        {
            "id": 1,
            "image_id": 1,
            "category_id": 1,
            "bbox": [
                108,
                92,
                24,
                46
            ],
            "area": 1104,
            "iscrowd": 0,
            "caption": "1"
        },
        {
            "id": 2,
            "image_id": 2,
            "category_id": 1,
            "bbox": [
                148,
                177,
                16,
                44
            ],
            "area": 704,
            "iscrowd": 0,
            "caption": "1"
        },
        {
            "id": 3,
            "image_id": 3,
            "category_id": 1,
            "bbox": [
                59,
                88,
                12,
                38
            ],
            "area": 456,
            "iscrowd": 0,
            "caption": "1"
        },
        {
            "id": 4,
            "image_id": 4,
            "category_id": 2,
            "bbox": [
                120,
                159,
                43,
                48
            ],
            "area": 2064,
            "iscrowd": 0,
            "caption": "2"
        },
        {
            "id": 5,
            "image_id": 5,
            "category_id": 2,
            "bbox": [
                247,
                17,
                31,
                40
            ],
            "area": 1240,
            "iscrowd": 0,
            "caption": "2"
        },
        {
            "id": 6,
            "image_id": 6,
            "category_id": 2,
            "bbox": [
                30,
                140,
                50,
                48
            ],
            "area": 2400,
            "iscrowd": 0,
            "caption": "2"
        },
        {
            "id": 7,
            "image_id": 7,
            "category_id": 1,
            "bbox": [
                203,
                97,
                10,
                44
            ],
            "area": 440,
            "iscrowd": 0,
            "caption": "1"
        },
        {
            "id": 8,
            "image_id": 8,
            "category_id": 1,
            "bbox": [
                253,
                164,
                25,
                39
            ],
            "area": 975,
            "iscrowd": 0,
            "caption": "1"
        },
        {
            "id": 9,
            "image_id": 9,
            "category_id": 2,
            "bbox": [
                187,
                49,
                44,
                38
            ],
            "area": 1672,
            "iscrowd": 0,
            "caption": "2"
        },
        {
            "id": 10,
            "image_id": 10,
            "category_id": 2,
            "bbox": [
                73,
                150,
                41,
                41
            ],
            "area": 1681,
            "iscrowd": 0,
            "caption": "2"
        },
        {
            "id": 11,
            "image_id": 11,
            "category_id": 2,
            "bbox": [
                182,
                207,
                38,
                46
            ],
            "area": 1748,
            "iscrowd": 0,
            "caption": "2"
        },
        {
            "id": 12,
            "image_id": 12,
            "category_id": 2,
            "bbox": [
                114,
                155,
                48,
                48
            ],
            "area": 2304,
            "iscrowd": 0,
            "caption": "2"
        },
        {
            "id": 13,
            "image_id": 13,
            "category_id": 1,
            "bbox": [
                73,
                14,
                21,
                39
            ],
            "area": 819,
            "iscrowd": 0,
            "caption": "1"
        },
        {
            "id": 14,
            "image_id": 14,
            "category_id": 1,
            "bbox": [
                69,
                138,
                18,
                42
            ],
            "area": 756,
            "iscrowd": 0,
            "caption": "1"
        },
        {
            "id": 15,
            "image_id": 15,
            "category_id": 2,
            "bbox": [
                240,
                52,
                41,
                37
            ],
            "area": 1517,
            "iscrowd": 0,
            "caption": "2"
        },
        {
            "id": 16,
            "image_id": 16,
            "category_id": 2,
            "bbox": [
                218,
                118,
                37,
                39
            ],
            "area": 1443,
            "iscrowd": 0,
            "caption": "2"
        },
        {
            "id": 17,
            "image_id": 17,
            "category_id": 2,
            "bbox": [
                112,
                67,
                41,
                41
            ],
            "area": 1681,
            "iscrowd": 0,
            "caption": "2"
        },
        {
            "id": 18,
            "image_id": 18,
            "category_id": 2,
            "bbox": [
                163,
                89,
                47,
                46
            ],
            "area": 2162,
            "iscrowd": 0,
            "caption": "2"
        },
        {
            "id": 19,
            "image_id": 19,
            "category_id": 1,
            "bbox": [
                60,
                132,
                31,
                43
            ],
            "area": 1333,
            "iscrowd": 0,
            "caption": "1"
        },
        {
            "id": 20,
            "image_id": 20,
            "category_id": 2,
            "bbox": [
                82,
                175,
                33,
                49
            ],
            "area": 1617,
            "iscrowd": 0,
            "caption": "2"
        },
        {
            "id": 21,
            "image_id": 21,
            "category_id": 1,
            "bbox": [
                247,
                92,
                24,
                50
            ],
            "area": 1200,
            "iscrowd": 0,
            "caption": "1"
        },
        {
            "id": 22,
            "image_id": 22,
            "category_id": 2,
            "bbox": [
                85,
                105,
                39,
                39
            ],
            "area": 1521,
            "iscrowd": 0,
            "caption": "2"
        },
        {
            "id": 23,
            "image_id": 23,
            "category_id": 1,
            "bbox": [
                149,
                59,
                31,
                43
            ],
            "area": 1333,
            "iscrowd": 0,
            "caption": "1"
        },
        {
            "id": 24,
            "image_id": 24,
            "category_id": 1,
            "bbox": [
                225,
                226,
                14,
                42
            ],
            "area": 588,
            "iscrowd": 0,
            "caption": "1"
        },
        {
            "id": 25,
            "image_id": 25,
            "category_id": 1,
            "bbox": [
                177,
                139,
                17,
                45
            ],
            "area": 765,
            "iscrowd": 0,
            "caption": "1"
        },
        {
            "id": 26,
            "image_id": 26,
            "category_id": 2,
            "bbox": [
                40,
                180,
                35,
                38
            ],
            "area": 1330,
            "iscrowd": 0,
            "caption": "2"
        },
        {
            "id": 27,
            "image_id": 27,
            "category_id": 1,
            "bbox": [
                208,
                68,
                25,
                39
            ],
            "area": 975,
            "iscrowd": 0,
            "caption": "1"
        },
        {
            "id": 28,
            "image_id": 28,
            "category_id": 2,
            "bbox": [
                102,
                175,
                35,
                51
            ],
            "area": 1785,
            "iscrowd": 0,
            "caption": "2"
        },
        {
            "id": 29,
            "image_id": 29,
            "category_id": 1,
            "bbox": [
                166,
                137,
                21,
                49
            ],
            "area": 1029,
            "iscrowd": 0,
            "caption": "1"
        },
        {
            "id": 30,
            "image_id": 30,
            "category_id": 2,
            "bbox": [
                33,
                19,
                45,
                49
            ],
            "area": 2205,
            "iscrowd": 0,
            "caption": "2"
        },
        {
            "id": 31,
            "image_id": 31,
            "category_id": 2,
            "bbox": [
                239,
                101,
                38,
                38
            ],
            "area": 1444,
            "iscrowd": 0,
            "caption": "2"
        },
        {
            "id": 32,
            "image_id": 32,
            "category_id": 2,
            "bbox": [
                13,
                170,
                43,
                51
            ],
            "area": 2193,
            "iscrowd": 0,
            "caption": "2"
        },
        {
            "id": 33,
            "image_id": 33,
            "category_id": 2,
            "bbox": [
                146,
                51,
                51,
                50
            ],
            "area": 2550,
            "iscrowd": 0,
            "caption": "2"
        },
        {
            "id": 34,
            "image_id": 34,
            "category_id": 1,
            "bbox": [
                154,
                130,
                14,
                46
            ],
            "area": 644,
            "iscrowd": 0,
            "caption": "1"
        },
        {
            "id": 35,
            "image_id": 35,
            "category_id": 1,
            "bbox": [
                37,
                180,
                14,
                44
            ],
            "area": 616,
            "iscrowd": 0,
            "caption": "1"
        },
        {
            "id": 36,
            "image_id": 36,
            "category_id": 1,
            "bbox": [
                209,
                213,
                20,
                47
            ],
            "area": 940,
            "iscrowd": 0,
            "caption": "1"
        },
        {
            "id": 37,
            "image_id": 37,
            "category_id": 1,
            "bbox": [
                144,
                69,
                19,
                48
            ],
            "area": 912,
            "iscrowd": 0,
            "caption": "1"
        },
        {
            "id": 38,
            "image_id": 38,
            "category_id": 1,
            "bbox": [
                88,
                245,
                36,
                44
            ],
            "area": 1584,
            "iscrowd": 0,
            "caption": "1"
        },
        {
            "id": 39,
            "image_id": 39,
            "category_id": 1,
            "bbox": [
                111,
                154,
                16,
                51
            ],
            "area": 816,
            "iscrowd": 0,
            "caption": "1"
        },
        {
            "id": 40,
            "image_id": 40,
            "category_id": 1,
            "bbox": [
                46,
                205,
                9,
                39
            ],
            "area": 351,
            "iscrowd": 0,
            "caption": "1"
        },
        {
            "id": 41,
            "image_id": 41,
            "category_id": 2,
            "bbox": [
                177,
                182,
                45,
                40
            ],
            "area": 1800,
            "iscrowd": 0,
            "caption": "2"
        },
        {
            "id": 42,
            "image_id": 42,
            "category_id": 2,
            "bbox": [
                23,
                152,
                51,
                51
            ],
            "area": 2601,
            "iscrowd": 0,
            "caption": "2"
        },
        {
            "id": 43,
            "image_id": 43,
            "category_id": 1,
            "bbox": [
                83,
                21,
                12,
                38
            ],
            "area": 456,
            "iscrowd": 0,
            "caption": "1"
        },
        {
            "id": 44,
            "image_id": 44,
            "category_id": 2,
            "bbox": [
                72,
                245,
                44,
                44
            ],
            "area": 1936,
            "iscrowd": 0,
            "caption": "2"
        },
        {
            "id": 45,
            "image_id": 45,
            "category_id": 1,
            "bbox": [
                242,
                120,
                31,
                43
            ],
            "area": 1333,
            "iscrowd": 0,
            "caption": "1"
        },
        {
            "id": 46,
            "image_id": 46,
            "category_id": 2,
            "bbox": [
                122,
                160,
                38,
                38
            ],
            "area": 1444,
            "iscrowd": 0,
            "caption": "2"
        },
        {
            "id": 47,
            "image_id": 47,
            "category_id": 1,
            "bbox": [
                251,
                90,
                12,
                50
            ],
            "area": 600,
            "iscrowd": 0,
            "caption": "1"
        },
        {
            "id": 48,
            "image_id": 48,
            "category_id": 1,
            "bbox": [
                60,
                48,
                23,
                45
            ],
            "area": 1035,
            "iscrowd": 0,
            "caption": "1"
        },
        {
            "id": 49,
            "image_id": 49,
            "category_id": 1,
            "bbox": [
                204,
                41,
                26,
                45
            ],
            "area": 1170,
            "iscrowd": 0,
            "caption": "1"
        },
        {
            "id": 50,
            "image_id": 50,
            "category_id": 2,
            "bbox": [
                184,
                29,
                42,
                47
            ],
            "area": 1974,
            "iscrowd": 0,
            "caption": "2"
        },
        {
            "id": 51,
            "image_id": 51,
            "category_id": 2,
            "bbox": [
                189,
                138,
                42,
                38
            ],
            "area": 1596,
            "iscrowd": 0,
            "caption": "2"
        },
        {
            "id": 52,
            "image_id": 52,
            "category_id": 1,
            "bbox": [
                56,
                126,
                33,
                47
            ],
            "area": 1551,
            "iscrowd": 0,
            "caption": "1"
        },
        {
            "id": 53,
            "image_id": 53,
            "category_id": 2,
            "bbox": [
                26,
                155,
                42,
                46
            ],
            "area": 1932,
            "iscrowd": 0,
            "caption": "2"
        },
        {
            "id": 54,
            "image_id": 54,
            "category_id": 1,
            "bbox": [
                135,
                128,
                12,
                38
            ],
            "area": 456,
            "iscrowd": 0,
            "caption": "1"
        },
        {
            "id": 55,
            "image_id": 55,
            "category_id": 1,
            "bbox": [
                89,
                139,
                14,
                44
            ],
            "area": 616,
            "iscrowd": 0,
            "caption": "1"
        },
        {
            "id": 56,
            "image_id": 56,
            "category_id": 2,
            "bbox": [
                124,
                243,
                32,
                44
            ],
            "area": 1408,
            "iscrowd": 0,
            "caption": "2"
        },
        {
            "id": 57,
            "image_id": 57,
            "category_id": 1,
            "bbox": [
                164,
                192,
                26,
                40
            ],
            "area": 1040,
            "iscrowd": 0,
            "caption": "1"
        },
        {
            "id": 58,
            "image_id": 58,
            "category_id": 2,
            "bbox": [
                49,
                95,
                40,
                36
            ],
            "area": 1440,
            "iscrowd": 0,
            "caption": "2"
        },
        {
            "id": 59,
            "image_id": 59,
            "category_id": 2,
            "bbox": [
                11,
                168,
                39,
                39
            ],
            "area": 1521,
            "iscrowd": 0,
            "caption": "2"
        },
        {
            "id": 60,
            "image_id": 60,
            "category_id": 1,
            "bbox": [
                52,
                199,
                13,
                39
            ],
            "area": 507,
            "iscrowd": 0,
            "caption": "1"
        },
        {
            "id": 61,
            "image_id": 61,
            "category_id": 1,
            "bbox": [
                162,
                32,
                29,
                47
            ],
            "area": 1363,
            "iscrowd": 0,
            "caption": "1"
        },
        {
            "id": 62,
            "image_id": 62,
            "category_id": 1,
            "bbox": [
                204,
                108,
                24,
                50
            ],
            "area": 1200,
            "iscrowd": 0,
            "caption": "1"
        },
        {
            "id": 63,
            "image_id": 63,
            "category_id": 2,
            "bbox": [
                12,
                16,
                51,
                51
            ],
            "area": 2601,
            "iscrowd": 0,
            "caption": "2"
        },
        {
            "id": 64,
            "image_id": 64,
            "category_id": 1,
            "bbox": [
                16,
                221,
                30,
                42
            ],
            "area": 1260,
            "iscrowd": 0,
            "caption": "1"
        },
        {
            "id": 65,
            "image_id": 65,
            "category_id": 2,
            "bbox": [
                201,
                200,
                46,
                33
            ],
            "area": 1518,
            "iscrowd": 0,
            "caption": "2"
        },
        {
            "id": 66,
            "image_id": 66,
            "category_id": 1,
            "bbox": [
                212,
                189,
                12,
                45
            ],
            "area": 540,
            "iscrowd": 0,
            "caption": "1"
        },
        {
            "id": 67,
            "image_id": 67,
            "category_id": 1,
            "bbox": [
                209,
                39,
                17,
                49
            ],
            "area": 833,
            "iscrowd": 0,
            "caption": "1"
        },
        {
            "id": 68,
            "image_id": 68,
            "category_id": 2,
            "bbox": [
                55,
                210,
                31,
                45
            ],
            "area": 1395,
            "iscrowd": 0,
            "caption": "2"
        },
        {
            "id": 69,
            "image_id": 69,
            "category_id": 2,
            "bbox": [
                94,
                170,
                52,
                52
            ],
            "area": 2704,
            "iscrowd": 0,
            "caption": "2"
        },
        {
            "id": 70,
            "image_id": 70,
            "category_id": 1,
            "bbox": [
                194,
                153,
                25,
                39
            ],
            "area": 975,
            "iscrowd": 0,
            "caption": "1"
        },
        {
            "id": 71,
            "image_id": 71,
            "category_id": 2,
            "bbox": [
                116,
                156,
                40,
                36
            ],
            "area": 1440,
            "iscrowd": 0,
            "caption": "2"
        },
        {
            "id": 72,
            "image_id": 72,
            "category_id": 1,
            "bbox": [
                193,
                52,
                31,
                44
            ],
            "area": 1364,
            "iscrowd": 0,
            "caption": "1"
        },
        {
            "id": 73,
            "image_id": 73,
            "category_id": 1,
            "bbox": [
                239,
                143,
                18,
                44
            ],
            "area": 792,
            "iscrowd": 0,
            "caption": "1"
        },
        {
            "id": 74,
            "image_id": 74,
            "category_id": 1,
            "bbox": [
                37,
                89,
                28,
                50
            ],
            "area": 1400,
            "iscrowd": 0,
            "caption": "1"
        },
        {
            "id": 75,
            "image_id": 75,
            "category_id": 1,
            "bbox": [
                252,
                17,
                22,
                40
            ],
            "area": 880,
            "iscrowd": 0,
            "caption": "1"
        },
        {
            "id": 76,
            "image_id": 76,
            "category_id": 2,
            "bbox": [
                152,
                145,
                43,
                48
            ],
            "area": 2064,
            "iscrowd": 0,
            "caption": "2"
        },
        {
            "id": 77,
            "image_id": 77,
            "category_id": 1,
            "bbox": [
                111,
                223,
                23,
                45
            ],
            "area": 1035,
            "iscrowd": 0,
            "caption": "1"
        },
        {
            "id": 78,
            "image_id": 78,
            "category_id": 2,
            "bbox": [
                173,
                137,
                34,
                38
            ],
            "area": 1292,
            "iscrowd": 0,
            "caption": "2"
        },
        {
            "id": 79,
            "image_id": 79,
            "category_id": 2,
            "bbox": [
                18,
                148,
                41,
                33
            ],
            "area": 1353,
            "iscrowd": 0,
            "caption": "2"
        },
        {
            "id": 80,
            "image_id": 80,
            "category_id": 2,
            "bbox": [
                34,
                42,
                41,
                51
            ],
            "area": 2091,
            "iscrowd": 0,
            "caption": "2"
        },
        {
            "id": 81,
            "image_id": 81,
            "category_id": 1,
            "bbox": [
                163,
                115,
                24,
                44
            ],
            "area": 1056,
            "iscrowd": 0,
            "caption": "1"
        },
        {
            "id": 82,
            "image_id": 82,
            "category_id": 2,
            "bbox": [
                212,
                78,
                50,
                51
            ],
            "area": 2550,
            "iscrowd": 0,
            "caption": "2"
        },
        {
            "id": 83,
            "image_id": 83,
            "category_id": 2,
            "bbox": [
                168,
                163,
                50,
                40
            ],
            "area": 2000,
            "iscrowd": 0,
            "caption": "2"
        },
        {
            "id": 84,
            "image_id": 84,
            "category_id": 2,
            "bbox": [
                196,
                156,
                41,
                41
            ],
            "area": 1681,
            "iscrowd": 0,
            "caption": "2"
        },
        {
            "id": 85,
            "image_id": 85,
            "category_id": 2,
            "bbox": [
                81,
                216,
                46,
                45
            ],
            "area": 2070,
            "iscrowd": 0,
            "caption": "2"
        },
        {
            "id": 86,
            "image_id": 86,
            "category_id": 2,
            "bbox": [
                196,
                130,
                44,
                45
            ],
            "area": 1980,
            "iscrowd": 0,
            "caption": "2"
        },
        {
            "id": 87,
            "image_id": 87,
            "category_id": 2,
            "bbox": [
                141,
                94,
                49,
                49
            ],
            "area": 2401,
            "iscrowd": 0,
            "caption": "2"
        },
        {
            "id": 88,
            "image_id": 88,
            "category_id": 2,
            "bbox": [
                234,
                29,
                39,
                48
            ],
            "area": 1872,
            "iscrowd": 0,
            "caption": "2"
        },
        {
            "id": 89,
            "image_id": 89,
            "category_id": 2,
            "bbox": [
                178,
                89,
                52,
                52
            ],
            "area": 2704,
            "iscrowd": 0,
            "caption": "2"
        },
        {
            "id": 90,
            "image_id": 90,
            "category_id": 1,
            "bbox": [
                79,
                171,
                25,
                49
            ],
            "area": 1225,
            "iscrowd": 0,
            "caption": "1"
        },
        {
            "id": 91,
            "image_id": 91,
            "category_id": 1,
            "bbox": [
                215,
                54,
                14,
                46
            ],
            "area": 644,
            "iscrowd": 0,
            "caption": "1"
        },
        {
            "id": 92,
            "image_id": 92,
            "category_id": 2,
            "bbox": [
                10,
                77,
                35,
                39
            ],
            "area": 1365,
            "iscrowd": 0,
            "caption": "2"
        },
        {
            "id": 93,
            "image_id": 93,
            "category_id": 2,
            "bbox": [
                183,
                229,
                38,
                33
            ],
            "area": 1254,
            "iscrowd": 0,
            "caption": "2"
        },
        {
            "id": 94,
            "image_id": 94,
            "category_id": 2,
            "bbox": [
                57,
                157,
                36,
                49
            ],
            "area": 1764,
            "iscrowd": 0,
            "caption": "2"
        },
        {
            "id": 95,
            "image_id": 95,
            "category_id": 2,
            "bbox": [
                136,
                185,
                49,
                50
            ],
            "area": 2450,
            "iscrowd": 0,
            "caption": "2"
        },
        {
            "id": 96,
            "image_id": 96,
            "category_id": 1,
            "bbox": [
                43,
                61,
                35,
                38
            ],
            "area": 1330,
            "iscrowd": 0,
            "caption": "1"
        },
        {
            "id": 97,
            "image_id": 97,
            "category_id": 2,
            "bbox": [
                142,
                137,
                35,
                49
            ],
            "area": 1715,
            "iscrowd": 0,
            "caption": "2"
        },
        {
            "id": 98,
            "image_id": 98,
            "category_id": 1,
            "bbox": [
                148,
                52,
                22,
                51
            ],
            "area": 1122,
            "iscrowd": 0,
            "caption": "1"
        },
        {
            "id": 99,
            "image_id": 99,
            "category_id": 2,
            "bbox": [
                122,
                222,
                38,
                42
            ],
            "area": 1596,
            "iscrowd": 0,
            "caption": "2"
        },
        {
            "id": 100,
            "image_id": 100,
            "category_id": 1,
            "bbox": [
                89,
                94,
                20,
                46
            ],
            "area": 920,
            "iscrowd": 0,
            "caption": "1"
        }
    ]
}