{
    "id": 1,
    "image_id": 1,
    "category_id": 1,
    "bbox": [
        108,
        92,
        24,
        46
    ],
    "area": 1104,
    "caption": "1",
    "iscrowd": 0,
    "segmentation": {
        "size": [
            300,
            300
        ],
        "counts": [
            32519,
            16,
            283,
            18,
            278,
            24,
            276,
            24,
            275,
            25,
            274,
            26,
            274,
            26,
            269,
            31,
            269,
            31,
            263,
            37,
            263,
            37,
            255,
            45,
            254,
            46,
            254,
            42,
            258,
            42,
            258,
            41,
            259,
            35,
            265,
            34,
            266,
            24,
            276,
            24,
            276,
            24,
            276,
            24,
            276,
            20,
            280,
            19,
            50589
        ]
    }
}