{
    "id": 10,
    "image_id": 10,
    "category_id": 2,
    "bbox": [
        73,
        150,
        41,
        41
    ],
    "area": 1681,
    "caption": "2",
    "iscrowd": 0,
    "segmentation": {
        "size": [
            300,
            300
        ],
        "counts": [
            22078,
            11,
            288,
            12,
            285,
            17,
            283,
            17,
            261,
            5,
            13,
            21,
            261,
            6,
            12,
            21,
            259,
            8,
            10,
            23,
            259,
            8,
            10,
            23,
            259,
            8,
            8,
            15,
            2,
            8,
            259,
            8,
            8,
            13,
            4,
            8,
            259,
            8,
            4,
            15,
            4,
            10,
            259,
            8,
            4,
            13,
            6,
            8,
            261,
            8,
            2,
            13,
            8,
            8,
            261,
            8,
            2,
            12,
            9,
            8,
            261,
            21,
            10,
            8,
            261,
            20,
            11,
            8,
            261,
            20,
            9,
            10,
            261,
            17,
            12,
            8,
            263,
            17,
            12,
            8,
            263,
            15,
            14,
            8,
            264,
            14,
            14,
            8,
            265,
            10,
            17,
            8,
            265,
            10,
            17,
            8,
            267,
            6,
            18,
            9,
            267,
            6,
            17,
            10,
            290,
            8,
            292,
            8,
            292,
            8,
            292,
            8,
            292,
            8,
            291,
            9,
            291,
            7,
            292,
            8,
            292,
            8,
            292,
            8,
            292,
            8,
            292,
            8,
            292,
            6,
            294,
            6,
            294,
            6,
            295,
            5,
            55919
        ]
    }
}