{
    "id": 100,
    "image_id": 100,
    "category_id": 1,
    "bbox": [
        89,
        94,
        20,
        46
    ],
    "area": 920,
    "caption": "1",
    "iscrowd": 0,
    "segmentation": {
        "size": [
            300,
            300
        ],
        "counts": [
            26821,
            19,
            281,
            19,
            279,
            21,
            276,
            24,
            276,
            24,
            268,
            32,
            267,
            33,
            259,
            37,
            263,
            37,
            258,
            37,
            263,
            37,
            263,
            29,
            271,
            29,
            271,
            27,
            273,
            26,
            274,
            26,
            274,
            15,
            285,
            15,
            285,
            11,
            289,
            11,
            57495
        ]
    }
}