{
    "id": 11,
    "image_id": 11,
    "category_id": 2,
    "bbox": [
        182,
        207,
        38,
        46
    ],
    "area": 1748,
    "caption": "2",
    "iscrowd": 0,
    "segmentation": {
        "size": [
            300,
            300
        ],
        "counts": [
            54816,
            10,
            290,
            11,
            285,
            15,
            284,
            16,
            284,
            16,
            21,
            5,
            256,
            18,
            20,
            6,
            256,
            17,
            21,
            6,
            256,
            11,
            23,
            10,
            256,
            11,
            22,
            11,
            254,
            11,
            23,
            12,
            254,
            11,
            22,
            13,
            254,
            9,
            22,
            15,
            254,
            9,
            22,
            15,
            254,
            8,
            22,
            14,
            256,
            8,
            21,
            15,
            256,
            6,
            23,
            11,
            260,
            6,
            23,
            10,
            261,
            6,
            23,
            10,
            261,
            7,
            22,
            8,
            5,
            4,
            254,
            8,
            21,
            8,
            5,
            4,
            254,
            9,
            17,
            9,
            5,
            6,
            254,
            9,
            17,
            9,
            5,
            6,
            254,
            13,
            13,
            9,
            2,
            9,
            254,
            13,
            13,
            9,
            2,
            9,
            254,
            18,
            8,
            20,
            254,
            19,
            7,
            20,
            256,
            18,
            6,
            20,
            256,
            44,
            256,
            42,
            260,
            40,
            261,
            38,
            268,
            33,
            267,
            33,
            274,
            26,
            274,
            26,
            291,
            8,
            292,
            8,
            296,
            1,
            24053
        ]
    }
}