{
    "id": 12,
    "image_id": 12,
    "category_id": 2,
    "bbox": [
        114,
        155,
        48,
        48
    ],
    "area": 2304,
    "caption": "2",
    "iscrowd": 0,
    "segmentation": {
        "size": [
            300,
            300
        ],
        "counts": [
            34367,
            8,
            291,
            10,
            290,
            10,
            288,
            12,
            288,
            12,
            286,
            14,
            10,
            12,
            264,
            13,
            10,
            13,
            262,
            13,
            12,
            13,
            262,
            13,
            12,
            13,
            262,
            11,
            14,
            13,
            260,
            13,
            12,
            15,
            260,
            13,
            12,
            15,
            259,
            12,
            13,
            18,
            257,
            12,
            13,
            19,
            254,
            11,
            16,
            19,
            254,
            11,
            16,
            19,
            254,
            11,
            16,
            19,
            254,
            11,
            16,
            19,
            254,
            9,
            18,
            18,
            255,
            9,
            18,
            16,
            257,
            9,
            18,
            16,
            257,
            9,
            18,
            16,
            257,
            9,
            18,
            16,
            257,
            9,
            18,
            16,
            257,
            9,
            19,
            15,
            257,
            16,
            10,
            17,
            257,
            18,
            5,
            20,
            257,
            18,
            5,
            18,
            259,
            43,
            257,
            43,
            259,
            43,
            258,
            42,
            262,
            39,
            261,
            41,
            260,
            24,
            2,
            14,
            287,
            13,
            287,
            13,
            289,
            11,
            289,
            11,
            291,
            9,
            291,
            9,
            291,
            9,
            289,
            11,
            289,
            11,
            289,
            9,
            291,
            9,
            291,
            9,
            291,
            8,
            41500
        ]
    }
}