{
    "id": 13,
    "image_id": 13,
    "category_id": 1,
    "bbox": [
        73,
        14,
        21,
        39
    ],
    "area": 819,
    "caption": "1",
    "iscrowd": 0,
    "segmentation": {
        "size": [
            300,
            300
        ],
        "counts": [
            22246,
            7,
            289,
            11,
            289,
            11,
            283,
            17,
            283,
            17,
            277,
            23,
            276,
            24,
            274,
            26,
            274,
            25,
            270,
            25,
            271,
            25,
            275,
            25,
            271,
            26,
            274,
            25,
            275,
            19,
            281,
            19,
            281,
            15,
            285,
            14,
            286,
            9,
            62377
        ]
    }
}