{
    "id": 14,
    "image_id": 14,
    "category_id": 1,
    "bbox": [
        69,
        138,
        18,
        42
    ],
    "area": 756,
    "caption": "1",
    "iscrowd": 0,
    "segmentation": {
        "size": [
            300,
            300
        ],
        "counts": [
            20864,
            16,
            284,
            16,
            276,
            24,
            276,
            24,
            270,
            30,
            270,
            30,
            262,
            38,
            262,
            38,
            258,
            40,
            260,
            40,
            260,
            26,
            274,
            26,
            274,
            20,
            280,
            20,
            280,
            14,
            286,
            13,
            291,
            4,
            296,
            4,
            64054
        ]
    }
}