{
    "id": 15,
    "image_id": 15,
    "category_id": 2,
    "bbox": [
        240,
        52,
        41,
        37
    ],
    "area": 1517,
    "caption": "2",
    "iscrowd": 0,
    "segmentation": {
        "size": [
            300,
            300
        ],
        "counts": [
            72077,
            12,
            288,
            12,
            288,
            12,
            288,
            12,
            265,
            8,
            13,
            14,
            265,
            8,
            13,
            14,
            263,
            10,
            12,
            15,
            263,
            10,
            11,
            16,
            263,
            10,
            10,
            17,
            263,
            10,
            10,
            17,
            263,
            10,
            8,
            17,
            265,
            10,
            8,
            17,
            265,
            12,
            4,
            19,
            265,
            12,
            4,
            19,
            267,
            33,
            267,
            33,
            267,
            33,
            269,
            19,
            2,
            10,
            269,
            31,
            269,
            17,
            2,
            10,
            271,
            17,
            2,
            10,
            273,
            15,
            2,
            10,
            273,
            15,
            2,
            10,
            277,
            8,
            4,
            11,
            277,
            7,
            5,
            11,
            289,
            11,
            289,
            11,
            288,
            10,
            290,
            10,
            290,
            10,
            290,
            10,
            290,
            10,
            290,
            10,
            290,
            10,
            290,
            10,
            290,
            8,
            292,
            8,
            292,
            8,
            292,
            8,
            292,
            8,
            293,
            7,
            5919
        ]
    }
}