{
    "id": 16,
    "image_id": 16,
    "category_id": 2,
    "bbox": [
        218,
        118,
        37,
        39
    ],
    "area": 1443,
    "caption": "2",
    "iscrowd": 0,
    "segmentation": {
        "size": [
            300,
            300
        ],
        "counts": [
            65550,
            5,
            293,
            9,
            290,
            10,
            287,
            13,
            287,
            13,
            285,
            15,
            285,
            15,
            285,
            15,
            285,
            15,
            283,
            17,
            283,
            17,
            283,
            16,
            284,
            15,
            285,
            15,
            263,
            7,
            15,
            13,
            265,
            9,
            13,
            13,
            265,
            9,
            13,
            13,
            265,
            9,
            13,
            13,
            265,
            9,
            13,
            11,
            267,
            9,
            13,
            11,
            267,
            9,
            12,
            12,
            267,
            9,
            11,
            13,
            267,
            9,
            9,
            15,
            267,
            9,
            9,
            15,
            267,
            9,
            7,
            19,
            265,
            9,
            7,
            19,
            265,
            35,
            265,
            37,
            263,
            37,
            265,
            22,
            2,
            11,
            265,
            22,
            2,
            12,
            265,
            19,
            6,
            11,
            264,
            19,
            6,
            11,
            268,
            11,
            10,
            11,
            268,
            11,
            11,
            10,
            290,
            10,
            291,
            9,
            13643
        ]
    }
}