{
    "id": 17,
    "image_id": 17,
    "category_id": 2,
    "bbox": [
        112,
        67,
        41,
        41
    ],
    "area": 1681,
    "caption": "2",
    "iscrowd": 0,
    "segmentation": {
        "size": [
            300,
            300
        ],
        "counts": [
            33703,
            3,
            296,
            4,
            292,
            10,
            290,
            10,
            289,
            11,
            288,
            12,
            288,
            12,
            288,
            12,
            286,
            14,
            286,
            13,
            284,
            15,
            285,
            15,
            267,
            4,
            12,
            15,
            269,
            4,
            12,
            15,
            265,
            8,
            10,
            17,
            265,
            8,
            10,
            17,
            263,
            10,
            10,
            17,
            263,
            10,
            10,
            17,
            263,
            10,
            8,
            19,
            263,
            8,
            8,
            19,
            265,
            8,
            4,
            23,
            265,
            8,
            4,
            23,
            265,
            9,
            1,
            25,
            265,
            35,
            265,
            35,
            265,
            21,
            4,
            10,
            265,
            21,
            4,
            10,
            265,
            17,
            8,
            10,
            265,
            17,
            8,
            10,
            290,
            10,
            290,
            10,
            290,
            10,
            290,
            10,
            290,
            8,
            292,
            8,
            293,
            7,
            293,
            7,
            293,
            7,
            293,
            7,
            294,
            4,
            297,
            3,
            44302
        ]
    }
}