{
    "id": 18,
    "image_id": 18,
    "category_id": 2,
    "bbox": [
        163,
        89,
        47,
        46
    ],
    "area": 2162,
    "caption": "2",
    "iscrowd": 0,
    "segmentation": {
        "size": [
            300,
            300
        ],
        "counts": [
            49013,
            18,
            281,
            20,
            279,
            22,
            278,
            22,
            278,
            22,
            257,
            9,
            12,
            22,
            256,
            11,
            11,
            22,
            256,
            13,
            9,
            22,
            256,
            13,
            9,
            22,
            256,
            14,
            8,
            22,
            256,
            15,
            7,
            22,
            256,
            15,
            7,
            20,
            258,
            15,
            7,
            20,
            258,
            15,
            9,
            16,
            260,
            15,
            9,
            18,
            258,
            14,
            10,
            18,
            258,
            13,
            9,
            21,
            257,
            13,
            9,
            21,
            257,
            13,
            7,
            24,
            256,
            13,
            7,
            24,
            256,
            13,
            4,
            27,
            256,
            13,
            3,
            28,
            256,
            13,
            1,
            30,
            256,
            44,
            256,
            44,
            256,
            46,
            254,
            46,
            254,
            31,
            2,
            13,
            254,
            30,
            3,
            13,
            254,
            28,
            5,
            13,
            254,
            28,
            5,
            13,
            256,
            22,
            9,
            13,
            256,
            22,
            9,
            13,
            260,
            11,
            18,
            11,
            260,
            11,
            18,
            11,
            261,
            10,
            18,
            11,
            289,
            11,
            289,
            11,
            289,
            11,
            289,
            11,
            287,
            13,
            287,
            13,
            287,
            13,
            287,
            13,
            287,
            12,
            288,
            11,
            289,
            11,
            27167
        ]
    }
}