{
    "id": 19,
    "image_id": 19,
    "category_id": 1,
    "bbox": [
        60,
        132,
        31,
        43
    ],
    "area": 1333,
    "caption": "1",
    "iscrowd": 0,
    "segmentation": {
        "size": [
            300,
            300
        ],
        "counts": [
            18171,
            4,
            296,
            4,
            294,
            6,
            292,
            8,
            288,
            12,
            288,
            12,
            284,
            16,
            284,
            16,
            282,
            18,
            280,
            20,
            276,
            24,
            275,
            25,
            274,
            26,
            273,
            27,
            271,
            25,
            271,
            29,
            271,
            26,
            270,
            29,
            271,
            27,
            271,
            28,
            272,
            26,
            270,
            28,
            272,
            27,
            273,
            25,
            275,
            24,
            276,
            20,
            280,
            20,
            280,
            14,
            286,
            13,
            287,
            10,
            290,
            10,
            62858
        ]
    }
}