{
    "id": 2,
    "image_id": 2,
    "category_id": 1,
    "bbox": [
        148,
        177,
        16,
        44
    ],
    "area": 704,
    "caption": "1",
    "iscrowd": 0,
    "segmentation": {
        "size": [
            300,
            300
        ],
        "counts": [
            44615,
            5,
            295,
            6,
            282,
            18,
            281,
            19,
            275,
            25,
            275,
            25,
            263,
            37,
            263,
            37,
            256,
            44,
            256,
            43,
            257,
            33,
            267,
            33,
            267,
            23,
            277,
            23,
            277,
            15,
            285,
            15,
            40908
        ]
    }
}