{
    "id": 20,
    "image_id": 20,
    "category_id": 2,
    "bbox": [
        82,
        175,
        33,
        49
    ],
    "area": 1617,
    "caption": "2",
    "iscrowd": 0,
    "segmentation": {
        "size": [
            300,
            300
        ],
        "counts": [
            24778,
            8,
            25,
            10,
            256,
            10,
            23,
            12,
            255,
            10,
            23,
            12,
            253,
            13,
            20,
            16,
            251,
            14,
            19,
            16,
            251,
            14,
            16,
            19,
            251,
            14,
            16,
            19,
            251,
            14,
            16,
            19,
            251,
            14,
            15,
            20,
            251,
            14,
            14,
            21,
            251,
            14,
            12,
            23,
            251,
            14,
            12,
            23,
            251,
            14,
            10,
            25,
            251,
            14,
            10,
            25,
            253,
            12,
            9,
            26,
            253,
            12,
            9,
            26,
            253,
            12,
            9,
            26,
            253,
            14,
            3,
            30,
            253,
            14,
            3,
            30,
            253,
            47,
            253,
            47,
            253,
            47,
            253,
            47,
            254,
            46,
            256,
            28,
            2,
            14,
            256,
            28,
            2,
            14,
            256,
            25,
            5,
            14,
            256,
            25,
            5,
            14,
            257,
            24,
            5,
            12,
            260,
            22,
            6,
            12,
            262,
            17,
            9,
            12,
            265,
            11,
            12,
            12,
            266,
            10,
            12,
            11,
            55579
        ]
    }
}