{
    "id": 21,
    "image_id": 21,
    "category_id": 1,
    "bbox": [
        247,
        92,
        24,
        50
    ],
    "area": 1200,
    "caption": "1",
    "iscrowd": 0,
    "segmentation": {
        "size": [
            300,
            300
        ],
        "counts": [
            74199,
            3,
            295,
            6,
            294,
            6,
            289,
            21,
            279,
            21,
            279,
            37,
            263,
            38,
            262,
            45,
            255,
            46,
            254,
            46,
            254,
            48,
            252,
            48,
            256,
            46,
            254,
            46,
            255,
            45,
            267,
            33,
            267,
            33,
            280,
            20,
            281,
            19,
            291,
            9,
            291,
            9,
            291,
            9,
            293,
            7,
            293,
            7,
            8858
        ]
    }
}