{
    "id": 22,
    "image_id": 22,
    "category_id": 2,
    "bbox": [
        85,
        105,
        39,
        39
    ],
    "area": 1521,
    "caption": "2",
    "iscrowd": 0,
    "segmentation": {
        "size": [
            300,
            300
        ],
        "counts": [
            25611,
            2,
            297,
            4,
            296,
            4,
            15,
            9,
            271,
            5,
            15,
            10,
            270,
            5,
            13,
            13,
            270,
            5,
            12,
            13,
            271,
            5,
            11,
            13,
            270,
            6,
            11,
            13,
            270,
            8,
            9,
            13,
            272,
            6,
            9,
            13,
            268,
            11,
            8,
            13,
            268,
            11,
            8,
            13,
            265,
            14,
            8,
            13,
            265,
            15,
            7,
            13,
            265,
            16,
            6,
            13,
            265,
            16,
            6,
            13,
            265,
            16,
            5,
            14,
            265,
            16,
            4,
            15,
            265,
            16,
            4,
            15,
            265,
            17,
            3,
            15,
            265,
            18,
            2,
            15,
            270,
            31,
            269,
            31,
            270,
            31,
            270,
            30,
            270,
            31,
            271,
            30,
            270,
            30,
            270,
            30,
            271,
            29,
            274,
            13,
            2,
            11,
            274,
            13,
            2,
            11,
            279,
            5,
            10,
            6,
            280,
            3,
            11,
            6,
            294,
            6,
            295,
            5,
            296,
            4,
            296,
            4,
            296,
            3,
            52957
        ]
    }
}