{
    "id": 23,
    "image_id": 23,
    "category_id": 1,
    "bbox": [
        149,
        59,
        31,
        43
    ],
    "area": 1333,
    "caption": "1",
    "iscrowd": 0,
    "segmentation": {
        "size": [
            300,
            300
        ],
        "counts": [
            44791,
            11,
            288,
            12,
            288,
            12,
            286,
            14,
            282,
            18,
            282,
            18,
            280,
            20,
            279,
            21,
            278,
            19,
            279,
            20,
            279,
            17,
            280,
            20,
            279,
            17,
            280,
            20,
            279,
            19,
            279,
            21,
            279,
            19,
            279,
            21,
            279,
            19,
            279,
            18,
            282,
            16,
            280,
            20,
            280,
            18,
            282,
            16,
            284,
            14,
            286,
            12,
            288,
            12,
            288,
            8,
            292,
            8,
            292,
            8,
            292,
            8,
            36233
        ]
    }
}