{
    "id": 24,
    "image_id": 24,
    "category_id": 1,
    "bbox": [
        225,
        226,
        14,
        42
    ],
    "area": 588,
    "caption": "1",
    "iscrowd": 0,
    "segmentation": {
        "size": [
            300,
            300
        ],
        "counts": [
            67744,
            23,
            277,
            24,
            258,
            42,
            258,
            42,
            258,
            42,
            258,
            42,
            258,
            42,
            258,
            42,
            258,
            42,
            258,
            42,
            258,
            10,
            24,
            8,
            258,
            10,
            24,
            8,
            293,
            7,
            294,
            6,
            18332
        ]
    }
}