{
    "id": 25,
    "image_id": 25,
    "category_id": 1,
    "bbox": [
        177,
        139,
        17,
        45
    ],
    "area": 765,
    "caption": "1",
    "iscrowd": 0,
    "segmentation": {
        "size": [
            300,
            300
        ],
        "counts": [
            53276,
            7,
            292,
            9,
            285,
            15,
            285,
            15,
            275,
            25,
            274,
            26,
            267,
            33,
            266,
            34,
            266,
            34,
            256,
            43,
            257,
            41,
            258,
            34,
            266,
            33,
            267,
            26,
            274,
            25,
            275,
            19,
            281,
            19,
            31942
        ]
    }
}