{
    "id": 26,
    "image_id": 26,
    "category_id": 2,
    "bbox": [
        40,
        180,
        35,
        38
    ],
    "area": 1330,
    "caption": "2",
    "iscrowd": 0,
    "segmentation": {
        "size": [
            300,
            300
        ],
        "counts": [
            12209,
            9,
            291,
            9,
            289,
            11,
            289,
            11,
            265,
            9,
            15,
            11,
            265,
            9,
            15,
            11,
            263,
            11,
            13,
            13,
            262,
            12,
            13,
            13,
            262,
            12,
            13,
            13,
            262,
            12,
            12,
            14,
            262,
            12,
            11,
            15,
            262,
            8,
            15,
            13,
            264,
            7,
            16,
            13,
            264,
            7,
            15,
            13,
            265,
            7,
            15,
            12,
            266,
            7,
            12,
            15,
            266,
            8,
            8,
            16,
            268,
            9,
            4,
            19,
            268,
            32,
            268,
            32,
            268,
            34,
            266,
            34,
            267,
            22,
            2,
            9,
            268,
            19,
            4,
            10,
            268,
            15,
            7,
            11,
            269,
            9,
            13,
            9,
            291,
            9,
            291,
            10,
            290,
            11,
            291,
            9,
            291,
            9,
            291,
            9,
            291,
            9,
            291,
            9,
            291,
            8,
            67583
        ]
    }
}