{
    "id": 27,
    "image_id": 27,
    "category_id": 1,
    "bbox": [
        208,
        68,
        25,
        39
    ],
    "area": 975,
    "caption": "1",
    "iscrowd": 0,
    "segmentation": {
        "size": [
            300,
            300
        ],
        "counts": [
            62500,
            7,
            293,
            7,
            290,
            10,
            289,
            11,
            286,
            14,
            286,
            14,
            282,
            18,
            282,
            18,
            280,
            18,
            282,
            16,
            280,
            18,
            279,
            17,
            281,
            19,
            278,
            17,
            282,
            18,
            278,
            20,
            280,
            20,
            278,
            18,
            282,
            17,
            283,
            13,
            287,
            13,
            287,
            11,
            289,
            10,
            290,
            5,
            295,
            4,
            20328
        ]
    }
}