{
    "id": 28,
    "image_id": 28,
    "category_id": 2,
    "bbox": [
        102,
        175,
        35,
        51
    ],
    "area": 1785,
    "caption": "2",
    "iscrowd": 0,
    "segmentation": {
        "size": [
            300,
            300
        ],
        "counts": [
            30812,
            9,
            291,
            9,
            290,
            12,
            285,
            18,
            281,
            19,
            278,
            22,
            278,
            22,
            249,
            8,
            21,
            22,
            249,
            9,
            20,
            22,
            249,
            9,
            20,
            22,
            249,
            9,
            20,
            22,
            249,
            9,
            20,
            22,
            249,
            9,
            20,
            22,
            249,
            9,
            20,
            22,
            249,
            9,
            20,
            21,
            250,
            9,
            20,
            20,
            251,
            9,
            20,
            20,
            251,
            7,
            21,
            18,
            254,
            7,
            20,
            19,
            254,
            7,
            20,
            19,
            254,
            9,
            15,
            20,
            256,
            9,
            15,
            19,
            257,
            9,
            11,
            21,
            259,
            9,
            10,
            22,
            259,
            9,
            10,
            21,
            260,
            39,
            261,
            39,
            261,
            39,
            261,
            39,
            261,
            38,
            262,
            29,
            271,
            29,
            273,
            22,
            278,
            22,
            284,
            3,
            49014
        ]
    }
}