{
    "id": 29,
    "image_id": 29,
    "category_id": 1,
    "bbox": [
        166,
        137,
        21,
        49
    ],
    "area": 1029,
    "caption": "1",
    "iscrowd": 0,
    "segmentation": {
        "size": [
            300,
            300
        ],
        "counts": [
            49938,
            10,
            289,
            12,
            4,
            18,
            266,
            13,
            2,
            20,
            265,
            48,
            252,
            49,
            251,
            49,
            251,
            49,
            251,
            49,
            251,
            49,
            251,
            49,
            251,
            49,
            251,
            49,
            251,
            49,
            251,
            49,
            258,
            41,
            259,
            40,
            261,
            38,
            284,
            16,
            284,
            14,
            287,
            7,
            295,
            3,
            34027
        ]
    }
}