{
    "id": 3,
    "image_id": 3,
    "category_id": 1,
    "bbox": [
        59,
        88,
        12,
        38
    ],
    "area": 456,
    "caption": "1",
    "iscrowd": 0,
    "segmentation": {
        "size": [
            300,
            300
        ],
        "counts": [
            17792,
            10,
            287,
            35,
            264,
            36,
            264,
            38,
            262,
            38,
            262,
            38,
            262,
            38,
            262,
            38,
            262,
            38,
            262,
            38,
            294,
            6,
            294,
            6,
            68874
        ]
    }
}