{
    "id": 30,
    "image_id": 30,
    "category_id": 2,
    "bbox": [
        33,
        19,
        45,
        49
    ],
    "area": 2205,
    "caption": "2",
    "iscrowd": 0,
    "segmentation": {
        "size": [
            300,
            300
        ],
        "counts": [
            9922,
            5,
            20,
            12,
            262,
            7,
            17,
            14,
            262,
            7,
            17,
            14,
            260,
            9,
            17,
            20,
            254,
            9,
            17,
            20,
            254,
            9,
            17,
            21,
            253,
            9,
            17,
            21,
            253,
            7,
            19,
            23,
            251,
            7,
            19,
            23,
            251,
            7,
            19,
            23,
            251,
            7,
            19,
            11,
            1,
            11,
            251,
            7,
            19,
            11,
            1,
            11,
            251,
            9,
            17,
            12,
            2,
            9,
            251,
            9,
            17,
            12,
            2,
            9,
            251,
            9,
            19,
            10,
            2,
            9,
            251,
            9,
            19,
            21,
            251,
            9,
            19,
            21,
            251,
            12,
            16,
            21,
            251,
            12,
            16,
            21,
            251,
            16,
            13,
            20,
            251,
            16,
            12,
            21,
            253,
            14,
            12,
            19,
            255,
            45,
            255,
            45,
            258,
            40,
            260,
            40,
            262,
            38,
            262,
            40,
            262,
            38,
            265,
            21,
            2,
            12,
            265,
            21,
            2,
            12,
            268,
            12,
            11,
            9,
            269,
            10,
            12,
            9,
            291,
            9,
            291,
            9,
            291,
            9,
            291,
            9,
            291,
            9,
            293,
            7,
            293,
            7,
            293,
            7,
            293,
            7,
            293,
            7,
            293,
            7,
            293,
            7,
            66834
        ]
    }
}