{
    "id": 31,
    "image_id": 31,
    "category_id": 2,
    "bbox": [
        239,
        101,
        38,
        38
    ],
    "area": 1444,
    "caption": "2",
    "iscrowd": 0,
    "segmentation": {
        "size": [
            300,
            300
        ],
        "counts": [
            71824,
            13,
            286,
            15,
            284,
            17,
            282,
            18,
            282,
            18,
            282,
            18,
            282,
            18,
            282,
            18,
            282,
            18,
            270,
            1,
            11,
            18,
            267,
            6,
            9,
            18,
            264,
            10,
            8,
            17,
            264,
            11,
            8,
            16,
            265,
            11,
            8,
            16,
            265,
            11,
            8,
            16,
            264,
            12,
            8,
            16,
            264,
            12,
            8,
            16,
            264,
            12,
            8,
            16,
            264,
            12,
            8,
            14,
            266,
            12,
            8,
            14,
            266,
            12,
            8,
            13,
            267,
            12,
            8,
            12,
            268,
            12,
            6,
            14,
            268,
            12,
            6,
            14,
            268,
            14,
            1,
            17,
            268,
            32,
            269,
            32,
            268,
            33,
            267,
            33,
            270,
            30,
            271,
            29,
            273,
            29,
            271,
            16,
            1,
            12,
            273,
            12,
            4,
            11,
            273,
            9,
            7,
            11,
            291,
            9,
            291,
            9,
            293,
            7,
            7063
        ]
    }
}