{
    "id": 32,
    "image_id": 32,
    "category_id": 2,
    "bbox": [
        13,
        170,
        43,
        51
    ],
    "area": 2193,
    "caption": "2",
    "iscrowd": 0,
    "segmentation": {
        "size": [
            300,
            300
        ],
        "counts": [
            4104,
            14,
            286,
            14,
            284,
            16,
            284,
            16,
            284,
            16,
            281,
            22,
            278,
            22,
            257,
            11,
            10,
            22,
            257,
            11,
            10,
            22,
            255,
            13,
            10,
            22,
            254,
            14,
            10,
            22,
            254,
            14,
            10,
            22,
            250,
            18,
            10,
            22,
            250,
            18,
            10,
            22,
            249,
            17,
            12,
            22,
            249,
            17,
            12,
            21,
            250,
            17,
            12,
            19,
            252,
            17,
            12,
            19,
            252,
            17,
            12,
            19,
            252,
            17,
            12,
            19,
            252,
            17,
            12,
            19,
            252,
            15,
            14,
            17,
            254,
            15,
            14,
            17,
            254,
            15,
            14,
            17,
            254,
            15,
            9,
            24,
            252,
            15,
            9,
            24,
            252,
            48,
            252,
            48,
            252,
            48,
            252,
            51,
            249,
            51,
            249,
            51,
            249,
            51,
            249,
            51,
            249,
            51,
            250,
            38,
            2,
            10,
            252,
            31,
            8,
            9,
            252,
            31,
            9,
            7,
            255,
            26,
            274,
            26,
            277,
            23,
            277,
            23,
            277,
            21,
            73301
        ]
    }
}