{
    "id": 33,
    "image_id": 33,
    "category_id": 2,
    "bbox": [
        146,
        51,
        51,
        50
    ],
    "area": 2550,
    "caption": "2",
    "iscrowd": 0,
    "segmentation": {
        "size": [
            300,
            300
        ],
        "counts": [
            43861,
            7,
            12,
            18,
            262,
            10,
            10,
            19,
            261,
            10,
            10,
            19,
            259,
            12,
            10,
            21,
            257,
            12,
            10,
            21,
            255,
            14,
            7,
            24,
            254,
            15,
            7,
            24,
            254,
            15,
            7,
            24,
            252,
            17,
            5,
            26,
            252,
            17,
            5,
            26,
            251,
            15,
            8,
            26,
            250,
            16,
            8,
            26,
            250,
            16,
            8,
            12,
            2,
            12,
            250,
            16,
            8,
            12,
            2,
            12,
            250,
            16,
            8,
            12,
            2,
            12,
            250,
            14,
            10,
            26,
            250,
            14,
            10,
            26,
            250,
            12,
            12,
            24,
            252,
            12,
            12,
            24,
            252,
            12,
            12,
            24,
            252,
            11,
            13,
            22,
            254,
            11,
            13,
            22,
            254,
            9,
            15,
            22,
            254,
            9,
            15,
            21,
            255,
            9,
            15,
            20,
            256,
            11,
            3,
            29,
            257,
            11,
            3,
            29,
            257,
            41,
            259,
            40,
            260,
            38,
            262,
            41,
            259,
            41,
            259,
            41,
            259,
            41,
            261,
            41,
            259,
            26,
            1,
            14,
            259,
            26,
            1,
            14,
            288,
            14,
            286,
            14,
            286,
            15,
            285,
            15,
            287,
            13,
            288,
            12,
            288,
            12,
            290,
            12,
            288,
            12,
            290,
            10,
            290,
            12,
            288,
            12,
            288,
            12,
            288,
            12,
            31099
        ]
    }
}