{
    "id": 34,
    "image_id": 34,
    "category_id": 1,
    "bbox": [
        154,
        130,
        14,
        46
    ],
    "area": 644,
    "caption": "1",
    "iscrowd": 0,
    "segmentation": {
        "size": [
            300,
            300
        ],
        "counts": [
            46353,
            3,
            294,
            8,
            292,
            8,
            276,
            40,
            260,
            40,
            256,
            46,
            254,
            46,
            254,
            46,
            254,
            46,
            254,
            46,
            254,
            46,
            254,
            45,
            257,
            42,
            259,
            41,
            39726
        ]
    }
}