{
    "id": 35,
    "image_id": 35,
    "category_id": 1,
    "bbox": [
        37,
        180,
        14,
        44
    ],
    "area": 616,
    "caption": "1",
    "iscrowd": 0,
    "segmentation": {
        "size": [
            300,
            300
        ],
        "counts": [
            11280,
            27,
            273,
            27,
            273,
            33,
            267,
            33,
            267,
            44,
            256,
            44,
            256,
            44,
            256,
            44,
            256,
            44,
            256,
            44,
            271,
            29,
            271,
            29,
            275,
            8,
            2,
            15,
            275,
            8,
            2,
            15,
            74776
        ]
    }
}