{
    "id": 36,
    "image_id": 36,
    "category_id": 1,
    "bbox": [
        209,
        213,
        20,
        47
    ],
    "area": 940,
    "caption": "1",
    "iscrowd": 0,
    "segmentation": {
        "size": [
            300,
            300
        ],
        "counts": [
            62949,
            11,
            289,
            11,
            280,
            20,
            280,
            20,
            269,
            31,
            269,
            31,
            263,
            35,
            264,
            36,
            264,
            36,
            258,
            37,
            263,
            37,
            260,
            29,
            271,
            29,
            271,
            23,
            277,
            22,
            278,
            16,
            284,
            16,
            284,
            14,
            286,
            11,
            289,
            10,
            21377
        ]
    }
}