{
    "id": 37,
    "image_id": 37,
    "category_id": 1,
    "bbox": [
        144,
        69,
        19,
        48
    ],
    "area": 912,
    "caption": "1",
    "iscrowd": 0,
    "segmentation": {
        "size": [
            300,
            300
        ],
        "counts": [
            43278,
            27,
            272,
            28,
            271,
            29,
            264,
            46,
            254,
            46,
            254,
            48,
            252,
            48,
            252,
            48,
            252,
            48,
            252,
            48,
            252,
            48,
            253,
            47,
            254,
            46,
            255,
            45,
            289,
            10,
            290,
            9,
            291,
            9,
            291,
            9,
            291,
            6,
            41288
        ]
    }
}