{
    "id": 38,
    "image_id": 38,
    "category_id": 1,
    "bbox": [
        88,
        245,
        36,
        44
    ],
    "area": 1584,
    "caption": "1",
    "iscrowd": 0,
    "segmentation": {
        "size": [
            300,
            300
        ],
        "counts": [
            26684,
            5,
            294,
            6,
            294,
            6,
            294,
            6,
            294,
            6,
            292,
            8,
            292,
            8,
            267,
            8,
            17,
            8,
            267,
            8,
            17,
            8,
            265,
            10,
            17,
            8,
            265,
            10,
            16,
            9,
            263,
            12,
            16,
            9,
            262,
            12,
            17,
            9,
            260,
            13,
            17,
            10,
            260,
            13,
            17,
            10,
            258,
            15,
            4,
            22,
            259,
            15,
            4,
            22,
            257,
            42,
            258,
            42,
            258,
            42,
            258,
            42,
            258,
            42,
            258,
            42,
            258,
            25,
            8,
            9,
            258,
            25,
            8,
            9,
            258,
            18,
            15,
            7,
            260,
            17,
            16,
            7,
            260,
            8,
            24,
            8,
            260,
            8,
            23,
            9,
            291,
            9,
            291,
            9,
            291,
            9,
            291,
            9,
            291,
            9,
            291,
            8,
            293,
            6,
            52817
        ]
    }
}