{
    "id": 39,
    "image_id": 39,
    "category_id": 1,
    "bbox": [
        111,
        154,
        16,
        51
    ],
    "area": 816,
    "caption": "1",
    "iscrowd": 0,
    "segmentation": {
        "size": [
            300,
            300
        ],
        "counts": [
            33459,
            7,
            293,
            7,
            288,
            31,
            9,
            8,
            252,
            31,
            8,
            9,
            252,
            50,
            250,
            51,
            249,
            51,
            249,
            51,
            249,
            51,
            249,
            51,
            249,
            51,
            249,
            51,
            249,
            51,
            249,
            51,
            278,
            22,
            278,
            22,
            51995
        ]
    }
}