{
    "id": 4,
    "image_id": 4,
    "category_id": 2,
    "bbox": [
        120,
        159,
        43,
        48
    ],
    "area": 2064,
    "caption": "2",
    "iscrowd": 0,
    "segmentation": {
        "size": [
            300,
            300
        ],
        "counts": [
            36200,
            5,
            295,
            5,
            259,
            11,
            21,
            11,
            257,
            11,
            21,
            11,
            255,
            14,
            18,
            13,
            254,
            16,
            16,
            14,
            254,
            16,
            16,
            14,
            254,
            16,
            14,
            16,
            254,
            16,
            14,
            16,
            252,
            16,
            14,
            18,
            252,
            16,
            14,
            18,
            252,
            14,
            14,
            20,
            252,
            14,
            13,
            21,
            252,
            13,
            14,
            20,
            253,
            11,
            14,
            21,
            254,
            11,
            14,
            21,
            254,
            11,
            10,
            25,
            254,
            11,
            10,
            25,
            254,
            11,
            7,
            28,
            254,
            11,
            7,
            28,
            254,
            30,
            4,
            9,
            257,
            30,
            4,
            9,
            257,
            30,
            4,
            9,
            257,
            27,
            5,
            14,
            254,
            27,
            5,
            14,
            254,
            25,
            7,
            14,
            254,
            25,
            7,
            14,
            254,
            21,
            11,
            14,
            254,
            21,
            11,
            14,
            255,
            19,
            12,
            13,
            287,
            14,
            286,
            14,
            286,
            14,
            286,
            14,
            286,
            14,
            286,
            14,
            286,
            11,
            289,
            11,
            289,
            11,
            289,
            11,
            289,
            11,
            291,
            7,
            293,
            7,
            41200
        ]
    }
}