{
    "id": 40,
    "image_id": 40,
    "category_id": 1,
    "bbox": [
        46,
        205,
        9,
        39
    ],
    "area": 351,
    "caption": "1",
    "iscrowd": 0,
    "segmentation": {
        "size": [
            300,
            300
        ],
        "counts": [
            14005,
            11,
            3,
            25,
            261,
            11,
            2,
            26,
            261,
            39,
            261,
            39,
            261,
            39,
            261,
            39,
            261,
            39,
            261,
            28,
            274,
            26,
            73567
        ]
    }
}