{
    "id": 41,
    "image_id": 41,
    "category_id": 2,
    "bbox": [
        177,
        182,
        45,
        40
    ],
    "area": 1800,
    "caption": "2",
    "iscrowd": 0,
    "segmentation": {
        "size": [
            300,
            300
        ],
        "counts": [
            53312,
            8,
            292,
            8,
            290,
            12,
            288,
            12,
            268,
            4,
            1,
            6,
            9,
            12,
            268,
            4,
            1,
            6,
            9,
            12,
            262,
            17,
            6,
            15,
            262,
            17,
            6,
            15,
            262,
            17,
            6,
            15,
            262,
            17,
            6,
            15,
            262,
            17,
            6,
            13,
            262,
            19,
            6,
            13,
            262,
            19,
            6,
            13,
            262,
            19,
            6,
            13,
            262,
            19,
            6,
            13,
            262,
            17,
            6,
            15,
            262,
            17,
            6,
            15,
            262,
            17,
            4,
            17,
            262,
            17,
            4,
            17,
            262,
            36,
            264,
            36,
            264,
            36,
            264,
            36,
            264,
            36,
            264,
            36,
            266,
            34,
            266,
            34,
            266,
            34,
            270,
            15,
            4,
            11,
            270,
            15,
            4,
            11,
            289,
            11,
            289,
            11,
            289,
            11,
            289,
            11,
            289,
            11,
            289,
            11,
            289,
            11,
            289,
            11,
            289,
            9,
            291,
            9,
            291,
            9,
            289,
            11,
            289,
            11,
            289,
            9,
            291,
            9,
            23486
        ]
    }
}