{
    "id": 42,
    "image_id": 42,
    "category_id": 2,
    "bbox": [
        23,
        152,
        51,
        51
    ],
    "area": 2601,
    "caption": "2",
    "iscrowd": 0,
    "segmentation": {
        "size": [
            300,
            300
        ],
        "counts": [
            7084,
            19,
            281,
            19,
            279,
            21,
            278,
            22,
            278,
            22,
            278,
            22,
            278,
            22,
            276,
            24,
            276,
            14,
            1,
            9,
            276,
            12,
            3,
            9,
            276,
            12,
            3,
            9,
            276,
            12,
            3,
            9,
            276,
            12,
            3,
            9,
            276,
            12,
            3,
            9,
            276,
            10,
            5,
            9,
            276,
            10,
            2,
            12,
            276,
            10,
            2,
            12,
            250,
            6,
            20,
            10,
            2,
            12,
            249,
            8,
            19,
            10,
            2,
            12,
            249,
            9,
            18,
            10,
            2,
            10,
            251,
            9,
            18,
            10,
            2,
            10,
            251,
            10,
            17,
            10,
            1,
            11,
            251,
            12,
            15,
            22,
            251,
            12,
            15,
            22,
            251,
            12,
            17,
            20,
            251,
            12,
            17,
            20,
            252,
            11,
            17,
            19,
            254,
            10,
            17,
            17,
            256,
            10,
            17,
            17,
            257,
            9,
            19,
            15,
            257,
            9,
            20,
            14,
            259,
            7,
            20,
            14,
            259,
            9,
            18,
            17,
            256,
            9,
            18,
            17,
            256,
            10,
            17,
            19,
            254,
            11,
            16,
            19,
            254,
            12,
            15,
            19,
            254,
            14,
            10,
            22,
            255,
            13,
            10,
            22,
            256,
            14,
            6,
            15,
            1,
            8,
            256,
            15,
            5,
            14,
            3,
            7,
            259,
            12,
            5,
            12,
            271,
            29,
            271,
            29,
            273,
            27,
            273,
            26,
            277,
            22,
            278,
            22,
            278,
            21,
            283,
            15,
            286,
            14,
            67914
        ]
    }
}