{
    "id": 43,
    "image_id": 43,
    "category_id": 1,
    "bbox": [
        83,
        21,
        12,
        38
    ],
    "area": 456,
    "caption": "1",
    "iscrowd": 0,
    "segmentation": {
        "size": [
            300,
            300
        ],
        "counts": [
            24939,
            13,
            271,
            34,
            266,
            34,
            264,
            38,
            262,
            38,
            262,
            38,
            262,
            38,
            262,
            38,
            264,
            36,
            264,
            36,
            271,
            5,
            15,
            7,
            273,
            5,
            15,
            7,
            61743
        ]
    }
}