{
    "id": 44,
    "image_id": 44,
    "category_id": 2,
    "bbox": [
        72,
        245,
        44,
        44
    ],
    "area": 1936,
    "caption": "2",
    "iscrowd": 0,
    "segmentation": {
        "size": [
            300,
            300
        ],
        "counts": [
            21878,
            10,
            290,
            11,
            289,
            11,
            288,
            12,
            288,
            12,
            287,
            13,
            287,
            13,
            287,
            13,
            287,
            13,
            287,
            13,
            287,
            13,
            286,
            13,
            286,
            13,
            261,
            6,
            20,
            13,
            260,
            7,
            20,
            13,
            260,
            10,
            17,
            13,
            260,
            11,
            16,
            13,
            258,
            13,
            16,
            13,
            258,
            12,
            17,
            13,
            258,
            11,
            16,
            15,
            258,
            11,
            16,
            15,
            258,
            11,
            16,
            15,
            258,
            11,
            16,
            15,
            258,
            11,
            14,
            17,
            258,
            11,
            14,
            17,
            258,
            11,
            12,
            20,
            257,
            11,
            12,
            20,
            257,
            11,
            10,
            23,
            256,
            11,
            10,
            23,
            256,
            11,
            8,
            25,
            256,
            11,
            6,
            27,
            256,
            31,
            2,
            11,
            256,
            31,
            2,
            11,
            256,
            30,
            3,
            11,
            256,
            29,
            4,
            11,
            256,
            29,
            6,
            9,
            256,
            29,
            6,
            9,
            256,
            27,
            8,
            9,
            256,
            27,
            8,
            9,
            256,
            24,
            12,
            6,
            258,
            23,
            13,
            5,
            261,
            20,
            14,
            4,
            264,
            13,
            288,
            10,
            55240
        ]
    }
}