{
    "id": 45,
    "image_id": 45,
    "category_id": 1,
    "bbox": [
        242,
        120,
        31,
        43
    ],
    "area": 1333,
    "caption": "1",
    "iscrowd": 0,
    "segmentation": {
        "size": [
            300,
            300
        ],
        "counts": [
            72755,
            8,
            291,
            9,
            288,
            12,
            286,
            14,
            283,
            17,
            282,
            18,
            281,
            19,
            280,
            20,
            278,
            18,
            282,
            18,
            279,
            19,
            279,
            20,
            280,
            17,
            280,
            20,
            280,
            18,
            278,
            22,
            277,
            22,
            276,
            20,
            280,
            18,
            280,
            18,
            5,
            3,
            274,
            18,
            5,
            4,
            270,
            19,
            7,
            4,
            269,
            18,
            9,
            4,
            269,
            18,
            9,
            4,
            269,
            16,
            11,
            4,
            269,
            12,
            15,
            4,
            269,
            12,
            15,
            3,
            270,
            10,
            17,
            4,
            269,
            9,
            18,
            4,
            271,
            6,
            19,
            4,
            272,
            4,
            20,
            3,
            8250
        ]
    }
}