{
    "id": 46,
    "image_id": 46,
    "category_id": 2,
    "bbox": [
        122,
        160,
        38,
        38
    ],
    "area": 1444,
    "caption": "2",
    "iscrowd": 0,
    "segmentation": {
        "size": [
            300,
            300
        ],
        "counts": [
            36784,
            6,
            292,
            10,
            290,
            10,
            289,
            11,
            288,
            12,
            288,
            12,
            286,
            14,
            286,
            14,
            284,
            16,
            284,
            16,
            284,
            16,
            284,
            16,
            284,
            16,
            284,
            16,
            284,
            16,
            268,
            7,
            9,
            16,
            268,
            7,
            9,
            16,
            268,
            7,
            9,
            16,
            268,
            7,
            9,
            15,
            269,
            7,
            9,
            15,
            269,
            7,
            9,
            15,
            269,
            7,
            9,
            15,
            269,
            7,
            9,
            14,
            270,
            7,
            9,
            13,
            271,
            7,
            9,
            13,
            271,
            7,
            9,
            13,
            271,
            7,
            10,
            12,
            271,
            9,
            8,
            10,
            273,
            9,
            7,
            11,
            273,
            9,
            6,
            16,
            269,
            9,
            6,
            16,
            269,
            38,
            262,
            38,
            263,
            37,
            264,
            20,
            2,
            14,
            264,
            20,
            3,
            13,
            268,
            14,
            11,
            7,
            268,
            14,
            12,
            6,
            42102
        ]
    }
}