{
    "id": 47,
    "image_id": 47,
    "category_id": 1,
    "bbox": [
        251,
        90,
        12,
        50
    ],
    "area": 600,
    "caption": "1",
    "iscrowd": 0,
    "segmentation": {
        "size": [
            300,
            300
        ],
        "counts": [
            75390,
            45,
            255,
            46,
            254,
            46,
            254,
            50,
            250,
            50,
            250,
            50,
            250,
            50,
            250,
            50,
            286,
            14,
            286,
            14,
            293,
            7,
            293,
            7,
            11260
        ]
    }
}