{
    "id": 48,
    "image_id": 48,
    "category_id": 1,
    "bbox": [
        60,
        48,
        23,
        45
    ],
    "area": 1035,
    "caption": "1",
    "iscrowd": 0,
    "segmentation": {
        "size": [
            300,
            300
        ],
        "counts": [
            18076,
            17,
            283,
            17,
            279,
            21,
            279,
            21,
            273,
            27,
            271,
            29,
            268,
            32,
            264,
            36,
            264,
            27,
            271,
            29,
            271,
            27,
            267,
            29,
            271,
            27,
            272,
            26,
            274,
            26,
            274,
            21,
            279,
            20,
            280,
            17,
            283,
            17,
            283,
            11,
            290,
            9,
            291,
            7,
            293,
            7,
            65344
        ]
    }
}