{
    "id": 49,
    "image_id": 49,
    "category_id": 1,
    "bbox": [
        204,
        41,
        26,
        45
    ],
    "area": 1170,
    "caption": "1",
    "iscrowd": 0,
    "segmentation": {
        "size": [
            300,
            300
        ],
        "counts": [
            61276,
            8,
            292,
            8,
            288,
            14,
            285,
            15,
            279,
            21,
            279,
            21,
            272,
            28,
            271,
            29,
            268,
            32,
            268,
            32,
            265,
            35,
            263,
            37,
            263,
            37,
            261,
            35,
            265,
            35,
            261,
            37,
            263,
            30,
            1,
            6,
            261,
            30,
            270,
            29,
            271,
            19,
            281,
            19,
            281,
            17,
            283,
            17,
            283,
            12,
            288,
            12,
            288,
            10,
            21249
        ]
    }
}