{
    "id": 5,
    "image_id": 5,
    "category_id": 2,
    "bbox": [
        247,
        17,
        31,
        40
    ],
    "area": 1240,
    "caption": "2",
    "iscrowd": 0,
    "segmentation": {
        "size": [
            300,
            300
        ],
        "counts": [
            74446,
            7,
            271,
            8,
            12,
            12,
            267,
            9,
            12,
            13,
            264,
            11,
            10,
            15,
            264,
            11,
            10,
            15,
            262,
            13,
            10,
            15,
            262,
            13,
            10,
            15,
            260,
            15,
            10,
            15,
            260,
            15,
            10,
            15,
            260,
            9,
            2,
            4,
            10,
            15,
            260,
            9,
            3,
            3,
            10,
            15,
            260,
            9,
            16,
            15,
            260,
            9,
            16,
            15,
            260,
            7,
            16,
            15,
            262,
            7,
            16,
            15,
            262,
            9,
            7,
            22,
            262,
            9,
            6,
            21,
            264,
            34,
            266,
            34,
            266,
            36,
            264,
            36,
            266,
            23,
            2,
            9,
            267,
            21,
            5,
            7,
            268,
            17,
            8,
            7,
            272,
            6,
            15,
            7,
            293,
            7,
            293,
            7,
            293,
            7,
            293,
            5,
            295,
            5,
            6849
        ]
    }
}