{
    "id": 50,
    "image_id": 50,
    "category_id": 2,
    "bbox": [
        184,
        29,
        42,
        47
    ],
    "area": 1974,
    "caption": "2",
    "iscrowd": 0,
    "segmentation": {
        "size": [
            300,
            300
        ],
        "counts": [
            55264,
            9,
            290,
            11,
            257,
            6,
            24,
            14,
            256,
            6,
            24,
            15,
            253,
            11,
            20,
            16,
            253,
            11,
            20,
            16,
            253,
            11,
            18,
            18,
            253,
            11,
            18,
            18,
            253,
            11,
            18,
            18,
            253,
            11,
            16,
            20,
            253,
            11,
            16,
            20,
            253,
            9,
            16,
            22,
            253,
            9,
            15,
            23,
            253,
            9,
            14,
            24,
            253,
            9,
            13,
            25,
            253,
            9,
            13,
            25,
            253,
            11,
            11,
            15,
            1,
            9,
            253,
            11,
            11,
            14,
            2,
            9,
            253,
            11,
            7,
            17,
            3,
            9,
            253,
            11,
            7,
            16,
            4,
            9,
            253,
            33,
            3,
            11,
            253,
            33,
            3,
            11,
            253,
            31,
            5,
            11,
            254,
            30,
            5,
            11,
            255,
            27,
            7,
            11,
            255,
            27,
            7,
            11,
            255,
            26,
            8,
            11,
            256,
            24,
            9,
            10,
            258,
            22,
            10,
            10,
            261,
            15,
            14,
            10,
            262,
            14,
            14,
            9,
            289,
            11,
            288,
            12,
            288,
            11,
            289,
            11,
            289,
            9,
            291,
            9,
            291,
            9,
            289,
            11,
            289,
            11,
            289,
            9,
            291,
            8,
            22432
        ]
    }
}