{
    "id": 51,
    "image_id": 51,
    "category_id": 2,
    "bbox": [
        189,
        138,
        42,
        38
    ],
    "area": 1596,
    "caption": "2",
    "iscrowd": 0,
    "segmentation": {
        "size": [
            300,
            300
        ],
        "counts": [
            56860,
            14,
            286,
            14,
            286,
            16,
            284,
            16,
            282,
            18,
            282,
            18,
            282,
            18,
            282,
            18,
            282,
            18,
            282,
            18,
            282,
            18,
            282,
            18,
            264,
            4,
            16,
            14,
            266,
            4,
            16,
            14,
            264,
            12,
            10,
            14,
            264,
            12,
            10,
            14,
            264,
            12,
            10,
            12,
            266,
            12,
            10,
            12,
            266,
            12,
            12,
            10,
            266,
            12,
            12,
            10,
            266,
            12,
            10,
            12,
            266,
            12,
            10,
            12,
            266,
            12,
            10,
            12,
            266,
            12,
            10,
            12,
            266,
            10,
            12,
            12,
            266,
            10,
            12,
            12,
            266,
            10,
            8,
            18,
            264,
            10,
            8,
            18,
            264,
            10,
            8,
            18,
            264,
            10,
            8,
            18,
            264,
            10,
            8,
            18,
            264,
            10,
            8,
            18,
            264,
            10,
            4,
            12,
            2,
            8,
            264,
            10,
            4,
            12,
            2,
            8,
            264,
            10,
            2,
            14,
            4,
            6,
            264,
            10,
            2,
            14,
            4,
            6,
            266,
            22,
            6,
            6,
            266,
            22,
            6,
            6,
            266,
            18,
            282,
            18,
            284,
            14,
            286,
            14,
            20844
        ]
    }
}