{
    "id": 52,
    "image_id": 52,
    "category_id": 1,
    "bbox": [
        56,
        126,
        33,
        47
    ],
    "area": 1551,
    "caption": "1",
    "iscrowd": 0,
    "segmentation": {
        "size": [
            300,
            300
        ],
        "counts": [
            16964,
            7,
            293,
            7,
            291,
            11,
            289,
            11,
            287,
            13,
            287,
            13,
            283,
            17,
            282,
            18,
            282,
            18,
            279,
            21,
            278,
            22,
            276,
            20,
            280,
            20,
            275,
            23,
            277,
            22,
            275,
            23,
            276,
            24,
            276,
            23,
            270,
            27,
            273,
            27,
            271,
            26,
            274,
            25,
            270,
            27,
            273,
            27,
            273,
            23,
            277,
            23,
            277,
            22,
            278,
            18,
            282,
            18,
            282,
            11,
            289,
            11,
            291,
            5,
            296,
            4,
            63467
        ]
    }
}