{
    "id": 53,
    "image_id": 53,
    "category_id": 2,
    "bbox": [
        26,
        155,
        42,
        46
    ],
    "area": 1932,
    "caption": "2",
    "iscrowd": 0,
    "segmentation": {
        "size": [
            300,
            300
        ],
        "counts": [
            7986,
            13,
            287,
            13,
            285,
            15,
            284,
            16,
            284,
            16,
            284,
            18,
            282,
            18,
            282,
            18,
            282,
            18,
            254,
            11,
            17,
            18,
            254,
            11,
            16,
            18,
            255,
            15,
            11,
            18,
            256,
            15,
            11,
            18,
            256,
            17,
            9,
            18,
            256,
            17,
            9,
            18,
            256,
            17,
            9,
            18,
            256,
            17,
            9,
            18,
            256,
            17,
            9,
            17,
            257,
            17,
            9,
            17,
            257,
            13,
            14,
            15,
            258,
            15,
            11,
            16,
            258,
            15,
            11,
            16,
            258,
            15,
            11,
            16,
            258,
            15,
            11,
            16,
            258,
            15,
            10,
            17,
            258,
            15,
            9,
            18,
            260,
            15,
            7,
            19,
            259,
            15,
            7,
            20,
            258,
            15,
            7,
            20,
            258,
            17,
            1,
            26,
            256,
            17,
            1,
            26,
            257,
            43,
            258,
            42,
            258,
            42,
            258,
            42,
            260,
            40,
            260,
            40,
            262,
            38,
            262,
            38,
            263,
            23,
            2,
            12,
            266,
            19,
            4,
            11,
            267,
            17,
            5,
            11,
            69699
        ]
    }
}