{
    "id": 54,
    "image_id": 54,
    "category_id": 1,
    "bbox": [
        135,
        128,
        12,
        38
    ],
    "area": 456,
    "caption": "1",
    "iscrowd": 0,
    "segmentation": {
        "size": [
            300,
            300
        ],
        "counts": [
            40656,
            9,
            290,
            10,
            281,
            20,
            264,
            36,
            264,
            36,
            262,
            38,
            262,
            37,
            263,
            36,
            264,
            35,
            265,
            27,
            273,
            23,
            277,
            23,
            46049
        ]
    }
}