{
    "id": 55,
    "image_id": 55,
    "category_id": 1,
    "bbox": [
        89,
        139,
        14,
        44
    ],
    "area": 616,
    "caption": "1",
    "iscrowd": 0,
    "segmentation": {
        "size": [
            300,
            300
        ],
        "counts": [
            26866,
            17,
            283,
            17,
            272,
            28,
            271,
            29,
            257,
            43,
            256,
            44,
            256,
            38,
            262,
            37,
            263,
            33,
            267,
            33,
            267,
            26,
            274,
            25,
            275,
            15,
            285,
            15,
            59246
        ]
    }
}