{
    "id": 56,
    "image_id": 56,
    "category_id": 2,
    "bbox": [
        124,
        243,
        32,
        44
    ],
    "area": 1408,
    "caption": "2",
    "iscrowd": 0,
    "segmentation": {
        "size": [
            300,
            300
        ],
        "counts": [
            37449,
            11,
            289,
            11,
            287,
            15,
            18,
            5,
            262,
            15,
            17,
            6,
            260,
            17,
            15,
            10,
            258,
            17,
            15,
            10,
            256,
            21,
            9,
            14,
            256,
            21,
            9,
            14,
            256,
            21,
            9,
            14,
            256,
            21,
            5,
            18,
            256,
            21,
            4,
            19,
            256,
            21,
            4,
            19,
            256,
            21,
            4,
            19,
            256,
            12,
            9,
            23,
            256,
            12,
            9,
            23,
            256,
            8,
            11,
            25,
            256,
            8,
            11,
            25,
            256,
            8,
            5,
            19,
            2,
            10,
            256,
            9,
            3,
            20,
            2,
            10,
            256,
            29,
            5,
            10,
            256,
            29,
            5,
            10,
            256,
            29,
            1,
            14,
            256,
            44,
            258,
            25,
            1,
            16,
            258,
            42,
            258,
            42,
            262,
            17,
            2,
            19,
            262,
            16,
            3,
            19,
            268,
            7,
            6,
            17,
            271,
            5,
            7,
            17,
            283,
            15,
            285,
            15,
            43217
        ]
    }
}