{
    "id": 57,
    "image_id": 57,
    "category_id": 1,
    "bbox": [
        164,
        192,
        26,
        40
    ],
    "area": 1040,
    "caption": "1",
    "iscrowd": 0,
    "segmentation": {
        "size": [
            300,
            300
        ],
        "counts": [
            49427,
            4,
            294,
            7,
            291,
            9,
            291,
            9,
            286,
            14,
            285,
            15,
            283,
            17,
            281,
            19,
            277,
            21,
            279,
            21,
            276,
            20,
            279,
            21,
            277,
            19,
            280,
            19,
            279,
            19,
            280,
            19,
            276,
            19,
            281,
            19,
            279,
            19,
            281,
            18,
            282,
            17,
            283,
            15,
            285,
            11,
            289,
            11,
            289,
            7,
            294,
            4,
            33103
        ]
    }
}