{
    "id": 58,
    "image_id": 58,
    "category_id": 2,
    "bbox": [
        49,
        95,
        40,
        36
    ],
    "area": 1440,
    "caption": "2",
    "iscrowd": 0,
    "segmentation": {
        "size": [
            300,
            300
        ],
        "counts": [
            14820,
            6,
            294,
            6,
            292,
            9,
            291,
            10,
            290,
            10,
            290,
            10,
            290,
            10,
            290,
            10,
            290,
            10,
            290,
            10,
            290,
            10,
            269,
            9,
            10,
            12,
            269,
            9,
            10,
            11,
            268,
            11,
            8,
            12,
            269,
            11,
            8,
            12,
            269,
            11,
            3,
            17,
            269,
            11,
            2,
            18,
            269,
            32,
            268,
            32,
            268,
            34,
            266,
            34,
            266,
            23,
            2,
            9,
            266,
            23,
            2,
            9,
            268,
            19,
            6,
            7,
            268,
            18,
            7,
            7,
            268,
            11,
            16,
            7,
            267,
            10,
            16,
            7,
            293,
            7,
            293,
            7,
            291,
            9,
            291,
            9,
            289,
            11,
            289,
            11,
            287,
            13,
            285,
            13,
            285,
            15,
            285,
            13,
            287,
            13,
            287,
            12,
            288,
            11,
            63475
        ]
    }
}