{
    "id": 59,
    "image_id": 59,
    "category_id": 2,
    "bbox": [
        11,
        168,
        39,
        39
    ],
    "area": 1521,
    "caption": "2",
    "iscrowd": 0,
    "segmentation": {
        "size": [
            300,
            300
        ],
        "counts": [
            3475,
            8,
            292,
            8,
            290,
            10,
            290,
            10,
            290,
            10,
            289,
            11,
            288,
            12,
            287,
            11,
            289,
            11,
            289,
            9,
            14,
            12,
            265,
            9,
            13,
            13,
            265,
            9,
            13,
            13,
            265,
            9,
            13,
            13,
            263,
            11,
            11,
            17,
            261,
            10,
            12,
            17,
            261,
            9,
            13,
            17,
            261,
            9,
            13,
            17,
            261,
            11,
            10,
            18,
            261,
            11,
            10,
            16,
            263,
            15,
            6,
            16,
            263,
            37,
            263,
            37,
            263,
            37,
            263,
            37,
            265,
            32,
            268,
            32,
            270,
            29,
            271,
            30,
            279,
            21,
            279,
            21,
            288,
            14,
            286,
            15,
            287,
            13,
            287,
            13,
            289,
            11,
            290,
            10,
            291,
            9,
            293,
            7,
            293,
            7,
            75095
        ]
    }
}