{
    "id": 6,
    "image_id": 6,
    "category_id": 2,
    "bbox": [
        30,
        140,
        50,
        48
    ],
    "area": 2400,
    "caption": "2",
    "iscrowd": 0,
    "segmentation": {
        "size": [
            300,
            300
        ],
        "counts": [
            9169,
            16,
            284,
            16,
            282,
            21,
            278,
            22,
            278,
            22,
            278,
            22,
            278,
            22,
            277,
            23,
            276,
            24,
            276,
            24,
            276,
            24,
            276,
            24,
            276,
            24,
            276,
            24,
            276,
            21,
            279,
            21,
            279,
            21,
            260,
            12,
            7,
            21,
            260,
            12,
            7,
            21,
            258,
            14,
            7,
            19,
            260,
            14,
            7,
            19,
            260,
            14,
            9,
            17,
            259,
            15,
            9,
            17,
            259,
            15,
            9,
            17,
            257,
            14,
            10,
            19,
            257,
            14,
            10,
            19,
            257,
            14,
            5,
            24,
            257,
            14,
            5,
            24,
            257,
            14,
            5,
            24,
            257,
            14,
            1,
            28,
            257,
            43,
            257,
            45,
            255,
            45,
            255,
            45,
            255,
            45,
            255,
            45,
            255,
            26,
            5,
            14,
            255,
            26,
            5,
            14,
            257,
            22,
            7,
            14,
            257,
            22,
            7,
            14,
            260,
            16,
            10,
            14,
            260,
            16,
            10,
            14,
            261,
            15,
            10,
            14,
            286,
            14,
            286,
            14,
            286,
            12,
            288,
            12,
            288,
            10,
            290,
            7,
            293,
            7,
            66122
        ]
    }
}