{
    "id": 60,
    "image_id": 60,
    "category_id": 1,
    "bbox": [
        52,
        199,
        13,
        39
    ],
    "area": 507,
    "caption": "1",
    "iscrowd": 0,
    "segmentation": {
        "size": [
            300,
            300
        ],
        "counts": [
            15818,
            20,
            280,
            20,
            274,
            26,
            274,
            26,
            261,
            39,
            261,
            39,
            261,
            39,
            261,
            39,
            261,
            39,
            261,
            30,
            270,
            29,
            271,
            26,
            275,
            24,
            70576
        ]
    }
}