{
    "id": 61,
    "image_id": 61,
    "category_id": 1,
    "bbox": [
        162,
        32,
        29,
        47
    ],
    "area": 1363,
    "caption": "1",
    "iscrowd": 0,
    "segmentation": {
        "size": [
            300,
            300
        ],
        "counts": [
            48668,
            11,
            289,
            11,
            284,
            16,
            282,
            18,
            282,
            18,
            280,
            20,
            280,
            20,
            278,
            22,
            278,
            22,
            273,
            27,
            271,
            29,
            271,
            27,
            271,
            29,
            271,
            22,
            2,
            5,
            266,
            23,
            277,
            22,
            274,
            24,
            276,
            24,
            269,
            29,
            271,
            29,
            271,
            25,
            275,
            24,
            276,
            23,
            277,
            20,
            280,
            20,
            280,
            13,
            287,
            13,
            287,
            9,
            291,
            8,
            32960
        ]
    }
}