{
    "id": 62,
    "image_id": 62,
    "category_id": 1,
    "bbox": [
        204,
        108,
        24,
        50
    ],
    "area": 1200,
    "caption": "1",
    "iscrowd": 0,
    "segmentation": {
        "size": [
            300,
            300
        ],
        "counts": [
            61351,
            7,
            291,
            9,
            286,
            14,
            286,
            14,
            286,
            14,
            274,
            26,
            274,
            26,
            270,
            30,
            269,
            31,
            251,
            8,
            1,
            40,
            250,
            50,
            250,
            49,
            251,
            47,
            253,
            47,
            253,
            43,
            257,
            43,
            257,
            41,
            259,
            38,
            262,
            38,
            262,
            33,
            267,
            33,
            274,
            12,
            288,
            12,
            289,
            11,
            21773
        ]
    }
}