{
    "id": 63,
    "image_id": 63,
    "category_id": 2,
    "bbox": [
        12,
        16,
        51,
        51
    ],
    "area": 2601,
    "caption": "2",
    "iscrowd": 0,
    "segmentation": {
        "size": [
            300,
            300
        ],
        "counts": [
            3655,
            10,
            290,
            10,
            288,
            14,
            286,
            14,
            286,
            14,
            259,
            5,
            19,
            17,
            259,
            5,
            19,
            17,
            254,
            12,
            17,
            17,
            254,
            12,
            17,
            17,
            254,
            12,
            17,
            17,
            252,
            14,
            17,
            17,
            252,
            14,
            17,
            17,
            252,
            14,
            15,
            19,
            252,
            14,
            15,
            19,
            252,
            14,
            15,
            19,
            249,
            17,
            15,
            19,
            249,
            17,
            15,
            19,
            249,
            15,
            17,
            17,
            251,
            15,
            17,
            17,
            251,
            12,
            20,
            17,
            251,
            12,
            20,
            17,
            251,
            12,
            20,
            16,
            252,
            10,
            17,
            19,
            254,
            10,
            17,
            19,
            254,
            12,
            10,
            22,
            256,
            12,
            10,
            22,
            256,
            12,
            10,
            22,
            256,
            46,
            254,
            46,
            254,
            46,
            254,
            46,
            257,
            43,
            257,
            43,
            257,
            43,
            259,
            27,
            5,
            11,
            257,
            27,
            5,
            12,
            258,
            17,
            13,
            12,
            258,
            17,
            13,
            12,
            259,
            16,
            13,
            12,
            288,
            14,
            286,
            14,
            288,
            12,
            288,
            12,
            288,
            12,
            288,
            12,
            288,
            12,
            290,
            10,
            290,
            10,
            290,
            10,
            290,
            10,
            291,
            9,
            71333
        ]
    }
}