{
    "id": 64,
    "image_id": 64,
    "category_id": 1,
    "bbox": [
        16,
        221,
        30,
        42
    ],
    "area": 1260,
    "caption": "1",
    "iscrowd": 0,
    "segmentation": {
        "size": [
            300,
            300
        ],
        "counts": [
            5051,
            12,
            288,
            12,
            286,
            14,
            286,
            14,
            284,
            16,
            284,
            16,
            280,
            20,
            280,
            20,
            278,
            22,
            278,
            22,
            274,
            24,
            276,
            24,
            274,
            22,
            278,
            22,
            276,
            24,
            276,
            24,
            272,
            26,
            274,
            26,
            270,
            20,
            280,
            20,
            278,
            20,
            280,
            20,
            278,
            20,
            280,
            20,
            280,
            16,
            284,
            16,
            284,
            14,
            286,
            14,
            288,
            8,
            292,
            8,
            76269
        ]
    }
}