{
    "id": 65,
    "image_id": 65,
    "category_id": 2,
    "bbox": [
        201,
        200,
        46,
        33
    ],
    "area": 1518,
    "caption": "2",
    "iscrowd": 0,
    "segmentation": {
        "size": [
            300,
            300
        ],
        "counts": [
            60511,
            6,
            7,
            9,
            278,
            7,
            6,
            9,
            276,
            9,
            4,
            11,
            276,
            9,
            4,
            11,
            276,
            9,
            4,
            11,
            274,
            11,
            4,
            11,
            274,
            11,
            4,
            11,
            274,
            11,
            2,
            13,
            274,
            10,
            3,
            12,
            271,
            12,
            3,
            13,
            272,
            12,
            3,
            13,
            270,
            14,
            1,
            14,
            270,
            30,
            270,
            28,
            272,
            28,
            272,
            28,
            272,
            28,
            272,
            28,
            272,
            26,
            275,
            25,
            279,
            12,
            3,
            6,
            279,
            12,
            3,
            6,
            294,
            6,
            294,
            6,
            294,
            6,
            294,
            6,
            292,
            8,
            292,
            8,
            292,
            8,
            292,
            8,
            292,
            8,
            292,
            8,
            292,
            7,
            291,
            8,
            292,
            8,
            290,
            10,
            290,
            10,
            288,
            12,
            287,
            12,
            288,
            11,
            289,
            11,
            289,
            9,
            289,
            11,
            289,
            10,
            290,
            9,
            291,
            8,
            15983
        ]
    }
}