{
    "id": 66,
    "image_id": 66,
    "category_id": 1,
    "bbox": [
        212,
        189,
        12,
        45
    ],
    "area": 540,
    "caption": "1",
    "iscrowd": 0,
    "segmentation": {
        "size": [
            300,
            300
        ],
        "counts": [
            63795,
            38,
            262,
            39,
            255,
            45,
            255,
            45,
            255,
            45,
            255,
            45,
            255,
            45,
            255,
            45,
            255,
            23,
            7,
            15,
            255,
            23,
            7,
            15,
            255,
            19,
            15,
            11,
            255,
            19,
            15,
            10,
            22867
        ]
    }
}