{
    "id": 67,
    "image_id": 67,
    "category_id": 1,
    "bbox": [
        209,
        39,
        17,
        49
    ],
    "area": 833,
    "caption": "1",
    "iscrowd": 0,
    "segmentation": {
        "size": [
            300,
            300
        ],
        "counts": [
            62774,
            14,
            286,
            14,
            286,
            14,
            275,
            25,
            275,
            25,
            265,
            35,
            265,
            35,
            252,
            48,
            251,
            49,
            251,
            49,
            251,
            42,
            258,
            42,
            258,
            33,
            267,
            32,
            268,
            21,
            279,
            21,
            280,
            3,
            1,
            14,
            22442
        ]
    }
}