{
    "id": 68,
    "image_id": 68,
    "category_id": 2,
    "bbox": [
        55,
        210,
        31,
        45
    ],
    "area": 1395,
    "caption": "2",
    "iscrowd": 0,
    "segmentation": {
        "size": [
            300,
            300
        ],
        "counts": [
            16735,
            7,
            292,
            8,
            292,
            10,
            290,
            10,
            267,
            5,
            18,
            10,
            267,
            6,
            17,
            11,
            265,
            7,
            17,
            12,
            264,
            7,
            17,
            12,
            264,
            7,
            19,
            10,
            264,
            7,
            19,
            11,
            263,
            7,
            19,
            12,
            262,
            7,
            19,
            12,
            262,
            7,
            21,
            12,
            260,
            7,
            21,
            12,
            260,
            7,
            21,
            12,
            260,
            7,
            21,
            13,
            259,
            8,
            20,
            14,
            258,
            9,
            19,
            16,
            256,
            9,
            19,
            17,
            255,
            11,
            15,
            19,
            255,
            11,
            15,
            19,
            255,
            45,
            256,
            44,
            256,
            44,
            257,
            43,
            258,
            31,
            4,
            7,
            258,
            31,
            4,
            7,
            260,
            27,
            7,
            5,
            261,
            27,
            7,
            5,
            266,
            17,
            284,
            15,
            64264
        ]
    }
}