{
    "id": 69,
    "image_id": 69,
    "category_id": 2,
    "bbox": [
        94,
        170,
        52,
        52
    ],
    "area": 2704,
    "caption": "2",
    "iscrowd": 0,
    "segmentation": {
        "size": [
            300,
            300
        ],
        "counts": [
            28371,
            6,
            293,
            8,
            292,
            8,
            292,
            11,
            289,
            12,
            288,
            12,
            288,
            12,
            288,
            12,
            288,
            12,
            20,
            17,
            251,
            12,
            20,
            17,
            251,
            12,
            20,
            17,
            251,
            12,
            20,
            17,
            251,
            12,
            16,
            22,
            250,
            12,
            15,
            25,
            248,
            12,
            15,
            25,
            248,
            12,
            13,
            27,
            248,
            12,
            13,
            27,
            248,
            12,
            9,
            31,
            248,
            12,
            8,
            32,
            248,
            12,
            8,
            32,
            248,
            15,
            3,
            34,
            248,
            15,
            3,
            34,
            248,
            37,
            3,
            12,
            248,
            37,
            3,
            12,
            249,
            36,
            3,
            12,
            251,
            32,
            5,
            12,
            251,
            31,
            6,
            12,
            251,
            27,
            10,
            12,
            251,
            27,
            10,
            12,
            251,
            26,
            11,
            12,
            251,
            24,
            13,
            12,
            252,
            23,
            13,
            12,
            285,
            15,
            285,
            15,
            285,
            15,
            285,
            15,
            285,
            15,
            285,
            15,
            285,
            15,
            285,
            12,
            288,
            12,
            288,
            12,
            288,
            12,
            288,
            12,
            288,
            12,
            288,
            12,
            288,
            12,
            288,
            12,
            288,
            12,
            288,
            8,
            292,
            7,
            293,
            7,
            46286
        ]
    }
}