{
    "id": 7,
    "image_id": 7,
    "category_id": 1,
    "bbox": [
        203,
        97,
        10,
        44
    ],
    "area": 440,
    "caption": "1",
    "iscrowd": 0,
    "segmentation": {
        "size": [
            300,
            300
        ],
        "counts": [
            61002,
            39,
            261,
            39,
            256,
            44,
            256,
            44,
            256,
            44,
            256,
            44,
            256,
            42,
            258,
            42,
            258,
            17,
            283,
            17,
            26286
        ]
    }
}