{
    "id": 70,
    "image_id": 70,
    "category_id": 1,
    "bbox": [
        194,
        153,
        25,
        39
    ],
    "area": 975,
    "caption": "1",
    "iscrowd": 0,
    "segmentation": {
        "size": [
            300,
            300
        ],
        "counts": [
            58360,
            7,
            18,
            7,
            268,
            8,
            17,
            7,
            267,
            9,
            17,
            7,
            266,
            10,
            17,
            7,
            266,
            10,
            17,
            7,
            266,
            10,
            17,
            7,
            264,
            11,
            18,
            7,
            264,
            10,
            19,
            7,
            263,
            11,
            19,
            7,
            263,
            10,
            20,
            7,
            261,
            11,
            17,
            11,
            261,
            11,
            17,
            11,
            261,
            9,
            4,
            26,
            261,
            7,
            3,
            29,
            261,
            39,
            261,
            39,
            261,
            39,
            261,
            22,
            10,
            7,
            261,
            22,
            10,
            7,
            262,
            12,
            19,
            7,
            263,
            11,
            19,
            7,
            293,
            7,
            293,
            6,
            294,
            5,
            295,
            5,
            24410
        ]
    }
}