{
    "id": 71,
    "image_id": 71,
    "category_id": 2,
    "bbox": [
        116,
        156,
        40,
        36
    ],
    "area": 1440,
    "caption": "2",
    "iscrowd": 0,
    "segmentation": {
        "size": [
            300,
            300
        ],
        "counts": [
            34979,
            11,
            289,
            11,
            285,
            16,
            284,
            17,
            283,
            17,
            283,
            17,
            281,
            19,
            281,
            19,
            281,
            19,
            268,
            5,
            7,
            9,
            2,
            9,
            268,
            5,
            6,
            10,
            2,
            9,
            268,
            6,
            5,
            10,
            2,
            9,
            268,
            7,
            4,
            10,
            2,
            9,
            266,
            9,
            4,
            10,
            1,
            10,
            266,
            9,
            4,
            21,
            266,
            9,
            4,
            19,
            268,
            9,
            4,
            19,
            268,
            9,
            4,
            19,
            268,
            9,
            4,
            19,
            268,
            9,
            6,
            15,
            270,
            9,
            6,
            15,
            268,
            11,
            6,
            15,
            268,
            11,
            6,
            15,
            268,
            9,
            10,
            12,
            269,
            9,
            10,
            12,
            269,
            9,
            7,
            15,
            269,
            9,
            6,
            16,
            269,
            9,
            5,
            17,
            269,
            9,
            4,
            17,
            270,
            9,
            2,
            20,
            269,
            9,
            1,
            21,
            269,
            31,
            269,
            31,
            269,
            30,
            270,
            29,
            271,
            22,
            1,
            6,
            273,
            17,
            4,
            4,
            275,
            17,
            4,
            3,
            276,
            15,
            285,
            14,
            43328
        ]
    }
}