{
    "id": 72,
    "image_id": 72,
    "category_id": 1,
    "bbox": [
        193,
        52,
        31,
        44
    ],
    "area": 1364,
    "caption": "1",
    "iscrowd": 0,
    "segmentation": {
        "size": [
            300,
            300
        ],
        "counts": [
            57986,
            8,
            292,
            8,
            285,
            15,
            285,
            15,
            281,
            19,
            281,
            19,
            279,
            21,
            279,
            21,
            272,
            26,
            273,
            26,
            270,
            26,
            274,
            26,
            272,
            26,
            274,
            26,
            269,
            27,
            273,
            27,
            271,
            23,
            277,
            23,
            277,
            21,
            11,
            12,
            256,
            20,
            11,
            13,
            256,
            17,
            14,
            13,
            256,
            17,
            14,
            13,
            256,
            13,
            18,
            13,
            256,
            13,
            18,
            13,
            258,
            4,
            28,
            10,
            258,
            4,
            28,
            10,
            292,
            8,
            292,
            8,
            295,
            5,
            296,
            4,
            297,
            2,
            23005
        ]
    }
}