{
    "id": 73,
    "image_id": 73,
    "category_id": 1,
    "bbox": [
        239,
        143,
        18,
        44
    ],
    "area": 792,
    "caption": "1",
    "iscrowd": 0,
    "segmentation": {
        "size": [
            300,
            300
        ],
        "counts": [
            71876,
            11,
            289,
            11,
            281,
            19,
            281,
            19,
            277,
            23,
            277,
            23,
            271,
            29,
            271,
            29,
            265,
            31,
            269,
            30,
            265,
            27,
            273,
            27,
            269,
            23,
            277,
            23,
            277,
            17,
            283,
            17,
            283,
            11,
            289,
            11,
            13046
        ]
    }
}