{
    "id": 74,
    "image_id": 74,
    "category_id": 1,
    "bbox": [
        37,
        89,
        28,
        50
    ],
    "area": 1400,
    "caption": "1",
    "iscrowd": 0,
    "segmentation": {
        "size": [
            300,
            300
        ],
        "counts": [
            11225,
            14,
            286,
            14,
            283,
            17,
            281,
            19,
            281,
            19,
            279,
            21,
            279,
            21,
            272,
            28,
            272,
            28,
            268,
            32,
            267,
            33,
            267,
            33,
            264,
            36,
            264,
            36,
            251,
            44,
            255,
            44,
            256,
            43,
            257,
            43,
            257,
            42,
            258,
            38,
            262,
            38,
            262,
            28,
            272,
            28,
            272,
            26,
            277,
            18,
            282,
            18,
            284,
            14,
            286,
            14,
            70692
        ]
    }
}