{
    "id": 75,
    "image_id": 75,
    "category_id": 1,
    "bbox": [
        252,
        17,
        22,
        40
    ],
    "area": 880,
    "caption": "1",
    "iscrowd": 0,
    "segmentation": {
        "size": [
            300,
            300
        ],
        "counts": [
            75630,
            1,
            297,
            6,
            293,
            7,
            292,
            8,
            291,
            9,
            290,
            10,
            289,
            11,
            288,
            12,
            285,
            15,
            285,
            15,
            283,
            40,
            260,
            40,
            260,
            40,
            260,
            40,
            260,
            40,
            260,
            40,
            260,
            40,
            260,
            40,
            260,
            21,
            11,
            8,
            260,
            20,
            13,
            7,
            262,
            7,
            293,
            6,
            8075
        ]
    }
}