{
    "id": 76,
    "image_id": 76,
    "category_id": 2,
    "bbox": [
        152,
        145,
        43,
        48
    ],
    "area": 2064,
    "caption": "2",
    "iscrowd": 0,
    "segmentation": {
        "size": [
            300,
            300
        ],
        "counts": [
            45777,
            11,
            289,
            11,
            289,
            12,
            287,
            14,
            285,
            15,
            285,
            15,
            285,
            15,
            285,
            16,
            284,
            17,
            283,
            17,
            283,
            17,
            281,
            19,
            280,
            20,
            280,
            20,
            280,
            20,
            280,
            20,
            254,
            6,
            18,
            23,
            253,
            6,
            18,
            23,
            252,
            9,
            15,
            24,
            252,
            9,
            14,
            25,
            252,
            9,
            14,
            25,
            252,
            9,
            14,
            25,
            252,
            9,
            14,
            12,
            1,
            12,
            252,
            9,
            12,
            13,
            2,
            12,
            252,
            9,
            12,
            13,
            2,
            12,
            252,
            13,
            5,
            16,
            2,
            11,
            253,
            14,
            4,
            16,
            2,
            11,
            253,
            32,
            4,
            12,
            252,
            32,
            4,
            12,
            253,
            29,
            6,
            12,
            253,
            29,
            6,
            12,
            255,
            26,
            7,
            12,
            255,
            24,
            9,
            12,
            255,
            24,
            9,
            12,
            257,
            22,
            10,
            11,
            257,
            22,
            10,
            11,
            261,
            14,
            16,
            9,
            261,
            14,
            16,
            9,
            291,
            9,
            291,
            9,
            291,
            8,
            294,
            5,
            296,
            3,
            31610
        ]
    }
}