{
    "id": 77,
    "image_id": 77,
    "category_id": 1,
    "bbox": [
        111,
        223,
        23,
        45
    ],
    "area": 1035,
    "caption": "1",
    "iscrowd": 0,
    "segmentation": {
        "size": [
            300,
            300
        ],
        "counts": [
            33542,
            7,
            292,
            8,
            292,
            8,
            291,
            9,
            290,
            10,
            4,
            14,
            271,
            11,
            3,
            16,
            269,
            31,
            268,
            32,
            267,
            33,
            264,
            36,
            264,
            36,
            262,
            38,
            262,
            38,
            258,
            33,
            267,
            32,
            266,
            23,
            276,
            23,
            277,
            15,
            285,
            15,
            285,
            11,
            290,
            9,
            291,
            4,
            296,
            4,
            49872
        ]
    }
}