{
    "id": 78,
    "image_id": 78,
    "category_id": 2,
    "bbox": [
        173,
        137,
        34,
        38
    ],
    "area": 1292,
    "caption": "2",
    "iscrowd": 0,
    "segmentation": {
        "size": [
            300,
            300
        ],
        "counts": [
            52038,
            11,
            15,
            11,
            263,
            11,
            15,
            11,
            262,
            12,
            14,
            12,
            262,
            12,
            12,
            14,
            262,
            12,
            11,
            15,
            262,
            10,
            12,
            16,
            262,
            10,
            11,
            17,
            262,
            10,
            8,
            20,
            262,
            10,
            8,
            20,
            262,
            10,
            1,
            27,
            262,
            10,
            1,
            27,
            262,
            38,
            262,
            38,
            262,
            38,
            262,
            38,
            262,
            38,
            262,
            23,
            2,
            13,
            262,
            23,
            2,
            13,
            263,
            19,
            5,
            13,
            264,
            17,
            6,
            13,
            287,
            11,
            289,
            11,
            289,
            11,
            289,
            11,
            289,
            11,
            289,
            11,
            290,
            10,
            291,
            7,
            293,
            7,
            275,
            3,
            297,
            3,
            297,
            3,
            297,
            3,
            297,
            3,
            28051
        ]
    }
}