{
    "id": 79,
    "image_id": 79,
    "category_id": 2,
    "bbox": [
        18,
        148,
        41,
        33
    ],
    "area": 1353,
    "caption": "2",
    "iscrowd": 0,
    "segmentation": {
        "size": [
            300,
            300
        ],
        "counts": [
            5570,
            11,
            288,
            12,
            287,
            13,
            287,
            13,
            271,
            7,
            8,
            14,
            271,
            7,
            8,
            14,
            269,
            10,
            6,
            15,
            269,
            10,
            6,
            15,
            267,
            12,
            6,
            14,
            268,
            12,
            5,
            14,
            269,
            12,
            4,
            15,
            269,
            11,
            5,
            15,
            269,
            11,
            5,
            14,
            270,
            10,
            6,
            13,
            271,
            10,
            4,
            15,
            271,
            10,
            4,
            13,
            273,
            27,
            275,
            23,
            277,
            23,
            277,
            22,
            278,
            21,
            281,
            19,
            281,
            19,
            293,
            7,
            293,
            7,
            293,
            7,
            293,
            7,
            293,
            7,
            293,
            7,
            293,
            7,
            293,
            7,
            293,
            7,
            293,
            7,
            293,
            9,
            291,
            9,
            293,
            9,
            291,
            9,
            291,
            9,
            291,
            9,
            292,
            8,
            293,
            7,
            72425
        ]
    }
}