{
    "id": 8,
    "image_id": 8,
    "category_id": 1,
    "bbox": [
        253,
        164,
        25,
        39
    ],
    "area": 975,
    "caption": "1",
    "iscrowd": 0,
    "segmentation": {
        "size": [
            300,
            300
        ],
        "counts": [
            76095,
            8,
            290,
            10,
            287,
            13,
            286,
            14,
            285,
            15,
            283,
            17,
            282,
            18,
            281,
            19,
            281,
            18,
            279,
            16,
            284,
            16,
            280,
            20,
            276,
            20,
            279,
            21,
            276,
            23,
            276,
            24,
            274,
            23,
            277,
            22,
            276,
            22,
            278,
            22,
            278,
            19,
            281,
            16,
            284,
            15,
            285,
            8,
            292,
            8,
            6728
        ]
    }
}