{
    "id": 80,
    "image_id": 80,
    "category_id": 2,
    "bbox": [
        34,
        42,
        41,
        51
    ],
    "area": 2091,
    "caption": "2",
    "iscrowd": 0,
    "segmentation": {
        "size": [
            300,
            300
        ],
        "counts": [
            10250,
            18,
            15,
            9,
            258,
            19,
            14,
            10,
            257,
            19,
            14,
            10,
            252,
            26,
            7,
            15,
            252,
            26,
            7,
            15,
            252,
            26,
            3,
            19,
            252,
            26,
            3,
            19,
            252,
            26,
            3,
            19,
            249,
            51,
            249,
            51,
            249,
            51,
            249,
            51,
            249,
            48,
            252,
            48,
            252,
            48,
            252,
            48,
            252,
            48,
            252,
            29,
            7,
            10,
            254,
            29,
            7,
            10,
            259,
            17,
            14,
            10,
            259,
            17,
            14,
            10,
            259,
            17,
            14,
            10,
            288,
            12,
            288,
            12,
            288,
            9,
            291,
            9,
            291,
            9,
            291,
            9,
            291,
            9,
            291,
            9,
            291,
            9,
            291,
            9,
            291,
            9,
            291,
            9,
            291,
            9,
            291,
            9,
            291,
            7,
            293,
            7,
            293,
            7,
            293,
            7,
            293,
            7,
            67717
        ]
    }
}