{
    "id": 81,
    "image_id": 81,
    "category_id": 1,
    "bbox": [
        163,
        115,
        24,
        44
    ],
    "area": 1056,
    "caption": "1",
    "iscrowd": 0,
    "segmentation": {
        "size": [
            300,
            300
        ],
        "counts": [
            49049,
            8,
            292,
            8,
            285,
            17,
            283,
            17,
            279,
            21,
            279,
            21,
            273,
            27,
            273,
            27,
            267,
            33,
            267,
            33,
            263,
            34,
            266,
            33,
            265,
            28,
            272,
            28,
            268,
            26,
            274,
            26,
            273,
            25,
            275,
            25,
            275,
            17,
            283,
            17,
            283,
            17,
            283,
            16,
            284,
            7,
            293,
            6,
            34079
        ]
    }
}