{
    "id": 82,
    "image_id": 82,
    "category_id": 2,
    "bbox": [
        212,
        78,
        50,
        51
    ],
    "area": 2550,
    "caption": "2",
    "iscrowd": 0,
    "segmentation": {
        "size": [
            300,
            300
        ],
        "counts": [
            63707,
            19,
            281,
            19,
            279,
            21,
            278,
            22,
            277,
            23,
            276,
            26,
            274,
            26,
            274,
            27,
            273,
            27,
            273,
            27,
            273,
            27,
            273,
            27,
            259,
            6,
            8,
            27,
            259,
            6,
            8,
            27,
            254,
            13,
            6,
            27,
            252,
            16,
            5,
            27,
            252,
            16,
            5,
            27,
            250,
            18,
            5,
            27,
            249,
            19,
            5,
            27,
            249,
            19,
            5,
            27,
            249,
            19,
            5,
            27,
            249,
            19,
            7,
            25,
            249,
            19,
            7,
            25,
            249,
            19,
            8,
            24,
            249,
            19,
            8,
            24,
            249,
            19,
            8,
            24,
            249,
            17,
            12,
            22,
            249,
            17,
            12,
            21,
            250,
            17,
            12,
            20,
            251,
            17,
            14,
            17,
            252,
            17,
            14,
            17,
            252,
            17,
            14,
            17,
            252,
            17,
            14,
            17,
            253,
            16,
            14,
            17,
            254,
            17,
            10,
            21,
            252,
            17,
            10,
            22,
            251,
            21,
            4,
            24,
            251,
            22,
            2,
            25,
            254,
            46,
            254,
            46,
            254,
            46,
            256,
            44,
            256,
            44,
            261,
            26,
            1,
            12,
            261,
            26,
            1,
            12,
            261,
            26,
            1,
            12,
            261,
            23,
            4,
            12,
            261,
            22,
            5,
            12,
            288,
            12,
            288,
            12,
            11571
        ]
    }
}