{
    "id": 83,
    "image_id": 83,
    "category_id": 2,
    "bbox": [
        168,
        163,
        50,
        40
    ],
    "area": 2000,
    "caption": "2",
    "iscrowd": 0,
    "segmentation": {
        "size": [
            300,
            300
        ],
        "counts": [
            50566,
            10,
            14,
            13,
            262,
            12,
            13,
            13,
            262,
            12,
            12,
            14,
            262,
            12,
            12,
            14,
            261,
            13,
            9,
            17,
            260,
            14,
            8,
            18,
            260,
            14,
            7,
            19,
            260,
            14,
            5,
            21,
            260,
            14,
            5,
            21,
            260,
            14,
            3,
            23,
            260,
            14,
            3,
            23,
            260,
            14,
            3,
            23,
            260,
            40,
            260,
            40,
            260,
            40,
            260,
            40,
            260,
            40,
            260,
            40,
            261,
            39,
            262,
            38,
            262,
            38,
            265,
            16,
            5,
            14,
            265,
            16,
            5,
            14,
            286,
            14,
            286,
            14,
            286,
            13,
            287,
            12,
            288,
            12,
            288,
            12,
            288,
            12,
            288,
            12,
            288,
            12,
            288,
            12,
            288,
            10,
            290,
            10,
            290,
            10,
            290,
            10,
            290,
            10,
            290,
            10,
            290,
            10,
            290,
            10,
            290,
            10,
            290,
            10,
            290,
            9,
            291,
            9,
            291,
            7,
            293,
            7,
            293,
            7,
            293,
            7,
            293,
            7,
            24704
        ]
    }
}