{
    "id": 84,
    "image_id": 84,
    "category_id": 2,
    "bbox": [
        196,
        156,
        41,
        41
    ],
    "area": 1681,
    "caption": "2",
    "iscrowd": 0,
    "segmentation": {
        "size": [
            300,
            300
        ],
        "counts": [
            58974,
            13,
            287,
            13,
            285,
            17,
            283,
            17,
            281,
            21,
            279,
            21,
            279,
            21,
            279,
            21,
            279,
            21,
            279,
            21,
            279,
            9,
            1,
            11,
            279,
            8,
            1,
            12,
            279,
            19,
            281,
            19,
            281,
            19,
            281,
            19,
            271,
            9,
            1,
            19,
            271,
            10,
            2,
            15,
            271,
            12,
            2,
            15,
            271,
            12,
            4,
            13,
            271,
            12,
            4,
            13,
            271,
            12,
            2,
            22,
            264,
            12,
            2,
            25,
            260,
            12,
            1,
            27,
            259,
            12,
            2,
            27,
            259,
            11,
            1,
            29,
            259,
            11,
            1,
            29,
            259,
            25,
            5,
            11,
            259,
            25,
            5,
            11,
            259,
            21,
            279,
            21,
            279,
            19,
            281,
            19,
            281,
            19,
            281,
            19,
            281,
            17,
            283,
            17,
            283,
            14,
            286,
            13,
            291,
            8,
            292,
            7,
            19033
        ]
    }
}