{
    "id": 85,
    "image_id": 85,
    "category_id": 2,
    "bbox": [
        81,
        216,
        46,
        45
    ],
    "area": 2070,
    "caption": "2",
    "iscrowd": 0,
    "segmentation": {
        "size": [
            300,
            300
        ],
        "counts": [
            24544,
            14,
            284,
            17,
            283,
            17,
            283,
            17,
            283,
            17,
            283,
            19,
            281,
            19,
            281,
            19,
            281,
            19,
            279,
            21,
            279,
            21,
            279,
            21,
            279,
            21,
            279,
            19,
            281,
            19,
            281,
            19,
            281,
            19,
            281,
            19,
            268,
            8,
            5,
            19,
            268,
            8,
            5,
            19,
            265,
            13,
            3,
            19,
            265,
            13,
            3,
            19,
            265,
            13,
            3,
            17,
            267,
            13,
            3,
            17,
            265,
            15,
            5,
            13,
            267,
            15,
            5,
            13,
            267,
            15,
            5,
            13,
            263,
            37,
            263,
            37,
            261,
            37,
            263,
            37,
            263,
            37,
            263,
            37,
            263,
            37,
            263,
            37,
            263,
            37,
            263,
            37,
            263,
            37,
            263,
            37,
            263,
            37,
            263,
            37,
            263,
            36,
            266,
            32,
            268,
            32,
            268,
            21,
            279,
            21,
            51961
        ]
    }
}