{
    "id": 86,
    "image_id": 86,
    "category_id": 2,
    "bbox": [
        196,
        130,
        44,
        45
    ],
    "area": 1980,
    "caption": "2",
    "iscrowd": 0,
    "segmentation": {
        "size": [
            300,
            300
        ],
        "counts": [
            58964,
            10,
            290,
            11,
            285,
            15,
            285,
            15,
            285,
            15,
            284,
            16,
            262,
            8,
            13,
            17,
            262,
            8,
            13,
            17,
            260,
            10,
            11,
            19,
            260,
            10,
            11,
            19,
            260,
            10,
            11,
            19,
            259,
            11,
            11,
            18,
            259,
            12,
            11,
            18,
            259,
            12,
            11,
            18,
            258,
            11,
            13,
            16,
            260,
            11,
            13,
            16,
            260,
            9,
            15,
            16,
            258,
            11,
            15,
            16,
            258,
            11,
            15,
            14,
            260,
            10,
            16,
            14,
            260,
            9,
            17,
            14,
            260,
            9,
            17,
            13,
            261,
            9,
            17,
            12,
            262,
            9,
            15,
            14,
            262,
            9,
            15,
            14,
            262,
            9,
            14,
            13,
            264,
            8,
            15,
            13,
            264,
            8,
            7,
            21,
            264,
            9,
            6,
            21,
            264,
            38,
            262,
            38,
            264,
            36,
            264,
            26,
            1,
            9,
            269,
            16,
            7,
            8,
            269,
            16,
            7,
            8,
            292,
            10,
            290,
            10,
            290,
            10,
            290,
            12,
            289,
            11,
            290,
            10,
            291,
            9,
            292,
            8,
            292,
            8,
            18128
        ]
    }
}