{
    "id": 87,
    "image_id": 87,
    "category_id": 2,
    "bbox": [
        141,
        94,
        49,
        49
    ],
    "area": 2401,
    "caption": "2",
    "iscrowd": 0,
    "segmentation": {
        "size": [
            300,
            300
        ],
        "counts": [
            42429,
            12,
            287,
            14,
            285,
            15,
            282,
            19,
            281,
            19,
            280,
            20,
            279,
            21,
            279,
            21,
            277,
            23,
            265,
            6,
            6,
            23,
            263,
            10,
            3,
            24,
            263,
            11,
            2,
            24,
            262,
            12,
            2,
            24,
            262,
            12,
            1,
            25,
            260,
            26,
            2,
            12,
            260,
            26,
            2,
            12,
            259,
            26,
            1,
            13,
            259,
            27,
            1,
            13,
            259,
            14,
            2,
            10,
            2,
            13,
            259,
            14,
            2,
            24,
            260,
            14,
            2,
            23,
            259,
            15,
            3,
            23,
            259,
            14,
            4,
            23,
            258,
            14,
            7,
            19,
            258,
            16,
            7,
            19,
            258,
            16,
            7,
            19,
            258,
            14,
            9,
            19,
            257,
            15,
            8,
            19,
            257,
            14,
            9,
            21,
            256,
            14,
            9,
            21,
            256,
            11,
            9,
            25,
            255,
            11,
            8,
            27,
            254,
            10,
            8,
            28,
            254,
            9,
            7,
            30,
            254,
            9,
            7,
            30,
            254,
            9,
            3,
            22,
            1,
            11,
            254,
            9,
            3,
            22,
            1,
            13,
            252,
            30,
            7,
            11,
            252,
            30,
            7,
            11,
            252,
            28,
            9,
            11,
            252,
            27,
            10,
            11,
            252,
            27,
            10,
            11,
            252,
            24,
            13,
            11,
            252,
            23,
            14,
            11,
            253,
            17,
            19,
            9,
            256,
            15,
            20,
            9,
            259,
            9,
            23,
            8,
            293,
            5,
            298,
            1,
            33164
        ]
    }
}