{
    "id": 88,
    "image_id": 88,
    "category_id": 2,
    "bbox": [
        234,
        29,
        39,
        48
    ],
    "area": 1872,
    "caption": "2",
    "iscrowd": 0,
    "segmentation": {
        "size": [
            300,
            300
        ],
        "counts": [
            70263,
            14,
            286,
            14,
            284,
            16,
            284,
            16,
            284,
            16,
            254,
            9,
            16,
            21,
            254,
            9,
            16,
            21,
            252,
            11,
            14,
            23,
            252,
            11,
            14,
            23,
            252,
            11,
            10,
            18,
            1,
            8,
            252,
            11,
            9,
            18,
            1,
            9,
            252,
            10,
            10,
            17,
            2,
            9,
            252,
            9,
            9,
            16,
            5,
            9,
            252,
            9,
            9,
            16,
            5,
            9,
            252,
            7,
            9,
            16,
            7,
            9,
            252,
            7,
            9,
            16,
            7,
            9,
            252,
            7,
            4,
            18,
            10,
            9,
            252,
            7,
            4,
            18,
            10,
            9,
            252,
            25,
            14,
            9,
            252,
            25,
            14,
            9,
            252,
            25,
            14,
            9,
            252,
            23,
            16,
            9,
            252,
            22,
            17,
            9,
            252,
            20,
            16,
            12,
            252,
            20,
            16,
            11,
            255,
            11,
            23,
            9,
            257,
            11,
            23,
            9,
            259,
            8,
            24,
            9,
            289,
            11,
            289,
            11,
            287,
            11,
            289,
            11,
            289,
            11,
            289,
            11,
            289,
            7,
            293,
            7,
            293,
            6,
            294,
            4,
            296,
            4,
            8335
        ]
    }
}