{
    "id": 89,
    "image_id": 89,
    "category_id": 2,
    "bbox": [
        178,
        89,
        52,
        52
    ],
    "area": 2704,
    "caption": "2",
    "iscrowd": 0,
    "segmentation": {
        "size": [
            300,
            300
        ],
        "counts": [
            53526,
            13,
            287,
            14,
            286,
            15,
            283,
            17,
            283,
            17,
            279,
            21,
            278,
            22,
            278,
            22,
            278,
            22,
            278,
            22,
            254,
            6,
            15,
            25,
            254,
            6,
            15,
            25,
            251,
            11,
            13,
            25,
            251,
            12,
            11,
            26,
            251,
            12,
            10,
            26,
            252,
            12,
            10,
            27,
            251,
            12,
            10,
            27,
            251,
            12,
            8,
            29,
            251,
            12,
            7,
            30,
            251,
            12,
            7,
            30,
            249,
            14,
            5,
            32,
            248,
            15,
            5,
            32,
            248,
            15,
            5,
            15,
            2,
            15,
            248,
            15,
            3,
            17,
            2,
            15,
            248,
            13,
            5,
            17,
            2,
            15,
            248,
            12,
            3,
            19,
            3,
            15,
            248,
            12,
            3,
            19,
            4,
            14,
            248,
            12,
            2,
            18,
            8,
            12,
            248,
            12,
            1,
            19,
            8,
            12,
            248,
            12,
            1,
            19,
            8,
            12,
            248,
            32,
            8,
            12,
            248,
            32,
            8,
            12,
            248,
            29,
            11,
            12,
            248,
            29,
            11,
            12,
            248,
            27,
            13,
            12,
            248,
            27,
            13,
            12,
            248,
            26,
            14,
            12,
            248,
            22,
            18,
            12,
            248,
            22,
            18,
            12,
            251,
            16,
            21,
            12,
            251,
            14,
            20,
            15,
            251,
            14,
            20,
            15,
            251,
            12,
            22,
            15,
            251,
            12,
            22,
            15,
            285,
            15,
            285,
            15,
            285,
            14,
            286,
            12,
            289,
            11,
            291,
            7,
            293,
            7,
            293,
            7,
            21164
        ]
    }
}