{
    "id": 9,
    "image_id": 9,
    "category_id": 2,
    "bbox": [
        187,
        49,
        44,
        38
    ],
    "area": 1672,
    "caption": "2",
    "iscrowd": 0,
    "segmentation": {
        "size": [
            300,
            300
        ],
        "counts": [
            56176,
            10,
            289,
            12,
            287,
            13,
            287,
            13,
            287,
            13,
            287,
            13,
            285,
            15,
            285,
            15,
            285,
            15,
            283,
            17,
            283,
            16,
            284,
            16,
            284,
            15,
            283,
            16,
            284,
            16,
            269,
            9,
            6,
            16,
            268,
            10,
            6,
            16,
            268,
            10,
            6,
            14,
            270,
            10,
            6,
            14,
            269,
            11,
            6,
            14,
            269,
            11,
            6,
            13,
            269,
            12,
            6,
            12,
            270,
            12,
            6,
            12,
            270,
            12,
            4,
            12,
            271,
            13,
            4,
            12,
            271,
            13,
            2,
            14,
            271,
            12,
            3,
            14,
            271,
            11,
            4,
            14,
            271,
            11,
            4,
            14,
            271,
            11,
            2,
            14,
            273,
            11,
            2,
            14,
            273,
            11,
            1,
            15,
            273,
            27,
            273,
            30,
            270,
            31,
            269,
            37,
            264,
            37,
            264,
            36,
            264,
            36,
            264,
            36,
            264,
            16,
            2,
            18,
            265,
            14,
            4,
            16,
            267,
            10,
            7,
            14,
            272,
            6,
            9,
            12,
            20917
        ]
    }
}