{
    "id": 90,
    "image_id": 90,
    "category_id": 1,
    "bbox": [
        79,
        171,
        25,
        49
    ],
    "area": 1225,
    "caption": "1",
    "iscrowd": 0,
    "segmentation": {
        "size": [
            300,
            300
        ],
        "counts": [
            23914,
            3,
            296,
            4,
            292,
            11,
            288,
            12,
            282,
            18,
            281,
            19,
            281,
            19,
            275,
            25,
            275,
            25,
            268,
            32,
            267,
            33,
            261,
            39,
            261,
            39,
            260,
            39,
            255,
            32,
            5,
            6,
            257,
            32,
            7,
            4,
            254,
            30,
            270,
            30,
            270,
            21,
            279,
            21,
            279,
            20,
            280,
            14,
            286,
            13,
            288,
            6,
            295,
            5,
            58922
        ]
    }
}