{
    "id": 91,
    "image_id": 91,
    "category_id": 1,
    "bbox": [
        215,
        54,
        14,
        46
    ],
    "area": 644,
    "caption": "1",
    "iscrowd": 0,
    "segmentation": {
        "size": [
            300,
            300
        ],
        "counts": [
            64578,
            19,
            279,
            22,
            278,
            22,
            256,
            46,
            254,
            46,
            254,
            46,
            254,
            46,
            254,
            46,
            254,
            46,
            254,
            46,
            254,
            46,
            254,
            44,
            256,
            35,
            265,
            35,
            21511
        ]
    }
}