{
    "id": 92,
    "image_id": 92,
    "category_id": 2,
    "bbox": [
        10,
        77,
        35,
        39
    ],
    "area": 1365,
    "caption": "2",
    "iscrowd": 0,
    "segmentation": {
        "size": [
            300,
            300
        ],
        "counts": [
            3105,
            8,
            292,
            9,
            287,
            14,
            286,
            15,
            283,
            17,
            283,
            17,
            269,
            2,
            10,
            19,
            268,
            4,
            9,
            19,
            265,
            7,
            9,
            19,
            265,
            7,
            9,
            7,
            4,
            8,
            262,
            10,
            9,
            7,
            4,
            8,
            261,
            11,
            9,
            7,
            4,
            8,
            261,
            11,
            9,
            7,
            4,
            8,
            261,
            9,
            11,
            7,
            2,
            10,
            261,
            9,
            11,
            7,
            2,
            10,
            261,
            7,
            13,
            7,
            1,
            11,
            261,
            7,
            13,
            7,
            1,
            10,
            262,
            7,
            13,
            7,
            1,
            9,
            263,
            7,
            13,
            7,
            1,
            9,
            263,
            8,
            12,
            15,
            265,
            9,
            11,
            15,
            265,
            11,
            9,
            15,
            265,
            11,
            9,
            13,
            267,
            33,
            269,
            29,
            271,
            29,
            273,
            25,
            275,
            26,
            278,
            23,
            278,
            22,
            291,
            9,
            291,
            9,
            293,
            7,
            293,
            6,
            294,
            5,
            76694
        ]
    }
}