{
    "id": 93,
    "image_id": 93,
    "category_id": 2,
    "bbox": [
        183,
        229,
        38,
        33
    ],
    "area": 1254,
    "caption": "2",
    "iscrowd": 0,
    "segmentation": {
        "size": [
            300,
            300
        ],
        "counts": [
            55153,
            9,
            291,
            9,
            291,
            9,
            291,
            9,
            289,
            11,
            289,
            11,
            289,
            11,
            272,
            4,
            13,
            11,
            269,
            9,
            9,
            13,
            269,
            9,
            8,
            13,
            270,
            9,
            8,
            12,
            271,
            9,
            6,
            14,
            271,
            9,
            6,
            14,
            271,
            9,
            6,
            14,
            271,
            9,
            6,
            14,
            271,
            7,
            6,
            16,
            270,
            8,
            6,
            16,
            269,
            9,
            4,
            18,
            269,
            9,
            4,
            18,
            269,
            9,
            2,
            20,
            269,
            9,
            1,
            23,
            267,
            9,
            1,
            23,
            267,
            22,
            2,
            9,
            267,
            20,
            4,
            9,
            267,
            20,
            4,
            9,
            268,
            19,
            5,
            8,
            269,
            16,
            8,
            7,
            269,
            14,
            10,
            7,
            269,
            13,
            11,
            7,
            271,
            9,
            11,
            9,
            271,
            9,
            11,
            9,
            290,
            10,
            289,
            11,
            289,
            11,
            289,
            11,
            289,
            9,
            291,
            9,
            291,
            7,
            23742
        ]
    }
}