{
    "id": 94,
    "image_id": 94,
    "category_id": 2,
    "bbox": [
        57,
        157,
        36,
        49
    ],
    "area": 1764,
    "caption": "2",
    "iscrowd": 0,
    "segmentation": {
        "size": [
            300,
            300
        ],
        "counts": [
            17290,
            7,
            293,
            9,
            291,
            9,
            260,
            14,
            14,
            14,
            258,
            14,
            14,
            14,
            258,
            15,
            12,
            15,
            258,
            16,
            10,
            16,
            257,
            17,
            10,
            16,
            256,
            18,
            10,
            16,
            256,
            17,
            11,
            16,
            256,
            16,
            10,
            18,
            256,
            16,
            10,
            18,
            256,
            14,
            12,
            18,
            256,
            13,
            13,
            18,
            256,
            11,
            15,
            18,
            256,
            11,
            15,
            18,
            256,
            11,
            15,
            18,
            256,
            11,
            15,
            16,
            258,
            11,
            15,
            16,
            258,
            11,
            14,
            17,
            258,
            11,
            13,
            18,
            258,
            11,
            12,
            17,
            260,
            11,
            10,
            19,
            260,
            11,
            10,
            19,
            260,
            15,
            1,
            33,
            251,
            49,
            253,
            47,
            253,
            47,
            253,
            47,
            253,
            47,
            253,
            47,
            254,
            25,
            1,
            20,
            255,
            24,
            2,
            19,
            258,
            16,
            14,
            7,
            263,
            16,
            14,
            7,
            265,
            12,
            17,
            6,
            62199
        ]
    }
}