{
    "id": 95,
    "image_id": 95,
    "category_id": 2,
    "bbox": [
        136,
        185,
        49,
        50
    ],
    "area": 2450,
    "caption": "2",
    "iscrowd": 0,
    "segmentation": {
        "size": [
            300,
            300
        ],
        "counts": [
            40986,
            11,
            289,
            11,
            288,
            12,
            24,
            11,
            253,
            12,
            24,
            11,
            253,
            13,
            18,
            19,
            250,
            14,
            17,
            19,
            250,
            14,
            17,
            19,
            250,
            14,
            15,
            21,
            250,
            14,
            15,
            21,
            250,
            13,
            16,
            21,
            250,
            14,
            13,
            23,
            250,
            14,
            12,
            24,
            250,
            14,
            12,
            24,
            250,
            14,
            12,
            24,
            250,
            14,
            12,
            24,
            250,
            14,
            12,
            24,
            250,
            14,
            12,
            24,
            250,
            14,
            12,
            24,
            250,
            14,
            12,
            24,
            250,
            14,
            12,
            24,
            250,
            14,
            12,
            24,
            250,
            14,
            12,
            24,
            250,
            14,
            12,
            23,
            251,
            14,
            12,
            21,
            253,
            14,
            12,
            21,
            253,
            14,
            12,
            19,
            256,
            16,
            9,
            19,
            257,
            15,
            9,
            19,
            258,
            14,
            9,
            19,
            258,
            14,
            9,
            19,
            258,
            16,
            7,
            19,
            258,
            16,
            7,
            18,
            259,
            16,
            7,
            17,
            262,
            38,
            262,
            37,
            263,
            35,
            265,
            35,
            267,
            35,
            265,
            36,
            265,
            35,
            267,
            33,
            267,
            33,
            269,
            31,
            269,
            31,
            272,
            28,
            272,
            28,
            274,
            11,
            1,
            13,
            289,
            9,
            291,
            9,
            34575
        ]
    }
}