{
    "id": 96,
    "image_id": 96,
    "category_id": 1,
    "bbox": [
        43,
        61,
        35,
        38
    ],
    "area": 1330,
    "caption": "1",
    "iscrowd": 0,
    "segmentation": {
        "size": [
            300,
            300
        ],
        "counts": [
            12992,
            7,
            293,
            7,
            291,
            9,
            291,
            9,
            290,
            10,
            289,
            11,
            288,
            12,
            288,
            12,
            286,
            14,
            286,
            14,
            283,
            17,
            280,
            19,
            281,
            19,
            279,
            19,
            280,
            20,
            278,
            18,
            281,
            19,
            280,
            18,
            282,
            18,
            280,
            17,
            283,
            16,
            284,
            16,
            284,
            13,
            282,
            18,
            280,
            17,
            282,
            17,
            282,
            14,
            286,
            14,
            286,
            14,
            286,
            12,
            288,
            12,
            288,
            11,
            289,
            9,
            291,
            8,
            292,
            7,
            66832
        ]
    }
}