{
    "id": 97,
    "image_id": 97,
    "category_id": 2,
    "bbox": [
        142,
        137,
        35,
        49
    ],
    "area": 1715,
    "caption": "2",
    "iscrowd": 0,
    "segmentation": {
        "size": [
            300,
            300
        ],
        "counts": [
            42778,
            7,
            292,
            9,
            291,
            9,
            287,
            13,
            286,
            14,
            257,
            5,
            24,
            14,
            256,
            6,
            22,
            16,
            254,
            11,
            18,
            17,
            254,
            11,
            16,
            19,
            254,
            11,
            16,
            19,
            251,
            14,
            12,
            22,
            252,
            14,
            12,
            21,
            253,
            14,
            9,
            21,
            256,
            14,
            8,
            22,
            256,
            14,
            5,
            25,
            256,
            14,
            4,
            26,
            256,
            13,
            4,
            26,
            257,
            42,
            258,
            42,
            258,
            42,
            258,
            42,
            260,
            28,
            3,
            9,
            260,
            28,
            3,
            11,
            258,
            28,
            3,
            11,
            258,
            24,
            7,
            11,
            259,
            22,
            8,
            11,
            261,
            15,
            13,
            11,
            261,
            14,
            14,
            11,
            289,
            11,
            289,
            11,
            289,
            11,
            289,
            11,
            289,
            10,
            290,
            7,
            293,
            7,
            37023
        ]
    }
}