{
    "id": 98,
    "image_id": 98,
    "category_id": 1,
    "bbox": [
        148,
        52,
        22,
        51
    ],
    "area": 1122,
    "caption": "1",
    "iscrowd": 0,
    "segmentation": {
        "size": [
            300,
            300
        ],
        "counts": [
            44477,
            6,
            293,
            7,
            293,
            7,
            293,
            7,
            293,
            7,
            293,
            7,
            294,
            6,
            302,
            8,
            291,
            9,
            291,
            9,
            262,
            48,
            251,
            49,
            249,
            51,
            249,
            51,
            249,
            51,
            249,
            51,
            249,
            51,
            249,
            51,
            249,
            51,
            249,
            51,
            249,
            9,
            13,
            7,
            15,
            7,
            249,
            9,
            13,
            7,
            15,
            7,
            39197
        ]
    }
}