{
    "id": 99,
    "image_id": 99,
    "category_id": 2,
    "bbox": [
        122,
        222,
        38,
        42
    ],
    "area": 1596,
    "caption": "2",
    "iscrowd": 0,
    "segmentation": {
        "size": [
            300,
            300
        ],
        "counts": [
            36852,
            6,
            294,
            6,
            292,
            12,
            288,
            12,
            288,
            14,
            286,
            14,
            282,
            18,
            282,
            18,
            282,
            18,
            282,
            18,
            282,
            18,
            282,
            18,
            268,
            4,
            10,
            18,
            268,
            4,
            10,
            18,
            264,
            12,
            6,
            16,
            266,
            12,
            6,
            16,
            266,
            12,
            6,
            14,
            268,
            12,
            6,
            14,
            266,
            14,
            4,
            14,
            268,
            14,
            4,
            14,
            264,
            16,
            4,
            18,
            262,
            16,
            4,
            18,
            262,
            41,
            259,
            42,
            258,
            42,
            258,
            42,
            258,
            42,
            258,
            42,
            258,
            24,
            2,
            16,
            258,
            24,
            2,
            16,
            260,
            18,
            12,
            10,
            260,
            18,
            12,
            10,
            260,
            16,
            14,
            10,
            260,
            16,
            14,
            10,
            260,
            16,
            16,
            6,
            262,
            16,
            16,
            6,
            266,
            6,
            294,
            6,
            42066
        ]
    }
}